AA5TINW2RJ195,B000068NW5,5
ABC68JUCPTVOE,B000068NW5,5
A3W2E6S24BTXXK,B000068NW5,5
A13A81NN0NRD1S,B000068NW5,4
A1EUO0BU72JR7T,B000068NW5,5
A3OXHLG6DIBRW8,B000068NW5,5
A2U1Z3TZ4P76JB,B000068NW5,5
A1L7M2JXN4EZCR,B000068NW5,1
A37A41GWQFMK3D,B000068NW5,4
A2JK2ITE138P7Z,B000068NW5,5
A1DVUFG2QSJ6IK,B000068NW5,5
A34VZEFXQJJ7AT,B000068NW5,5
A1SD1C8XK3Z3V1,B000068NW5,5
AKHWZ3S1UVZAO,B000068NW5,4
A2RCCN4KEXZGC8,B000068NW5,5
A3GAP455S8YH0M,B000068NW5,5
A1N06X05VZWO5Y,B000068NW5,5
A3TA1UJWRJF9NC,B000068NW5,5
A1E5FQZTUM8OC1,B000068NW5,5
A3MYWHYZ30WLQJ,B000068NW5,5
A396ELNTQDFYPO,B000068NW5,4
A2WYAHJGST6AOT,B000068NW5,3
A781ITP3HE2N5,B000068NW5,5
ALUTHT4U058KZ,B000068NW5,4
A1A15ECLHM9BQY,B000068NW5,5
A1S8R9OAIQT7YI,B000068NW5,4
A3RHT4KI3H5TVH,B000068NW5,5
A15BHBF0L0HV1F,B000068NW5,5
A3DCG2MNPR4BW,B000068NW5,5
A3NGAQKJ6X088B,B000068NW5,5
A35XRT4BW4I6UD,B000068NW5,5
AKYDGCKCY7H9F,B000068NW5,5
A19NGYCQ1NCF3W,B000068NW5,4
A2B78RXJ2PB6ZD,B000068NW5,5
A18RGYRCEN181M,B000068NW5,5
A14VAT5EAX3D9S,B0002CZSJO,5
A2RVY2GDMZHH4,B0002CZSJO,5
A109JTUZXO61UY,B0002CZSJO,5
A3EZEP0FX5BC1P,B0002CZSJO,4
A1SCWHXAB2ZK7N,B0002CZSJO,5
A26SN2CVQM4FKM,B0002CZSJO,4
A165EMA3YTIM6A,B0002CZSJO,4
A1S7QABO64Z554,B0002CZSJO,5
A2GBBFPROUYQQ9,B0002CZSJO,5
A1BH17V8BKLES,B0002CZSJO,5
A1CUB195YB9XKO,B0002CZSJO,5
AZJPNK73JF3XP,B0002CZSJO,4
A18X5X3Y5JDWY2,B0002CZSJO,5
A2IN5BKM9IQT6Z,B0002CZSJO,5
A56EP6FFRH1YT,B0002CZSJO,4
AFUXETAHFUXFE,B0002CZSJO,5
A1YA2BPU7CVNJD,B0002CZSJO,4
A14PY68SX7D5DV,B0002CZSJO,5
A2D10EN7QQ56GG,B0002CZSJO,4
A2J4UAF6RW13WK,B0002CZSJO,5
A3HH340REI4J47,B0002CZSJO,4
A3D0PD45BHLXFX,B0002CZSJO,3
A1BTNPMESS99PL,B0002CZSJO,5
ACH055GTTIGC9,B0002CZSJO,4
AOINAOO0NQRGN,B0002CZSJO,5
AGW4SR1USX8J0,B0002CZSJY,5
A220FPH51LXEFR,B0002CZSJY,4
A2EWLWNMF65J5X,B0002CZSJY,5
A1786LAQ18LHDC,B0002CZSJY,5
A2IRI1NFJJJ6MZ,B0002CZSJY,4
A1VQHH85U7PX0,B0002CZSJY,5
A3NS4AQ9Y7UWRL,B0002CZSJY,5
A3V1A3C9DTLPME,B0002CZSJY,4
A2D9QW4TY8CFB0,B0002CZSJY,4
A16Z3HTUIYPDH8,B0002CZSJY,5
A2NGD7NSBWLNJ0,B0002CZSJY,5
A3GSQE0LXPG9YF,B0002CZSJY,5
AB0XOMFCYELCK,B0002CZSJY,3
A3NKSY3I0UW3KK,B0002CZSJY,5
A3DRR0ZJNHP6KI,B0002CZSJY,5
A1PX8CDUSZ8R7C,B0002CZSJY,5
A3UQS40N3PW18L,B0002CZSJY,5
AI45J5737CUGY,B0002CZSJY,5
A3BZ9EP6SSC9MU,B0002CZSJY,5
A12SSZIN555FTL,B0002CZST4,4
A2PDPIVN721PZ7,B0002CZST4,5
A5RJ7TM82RH0I,B0002CZST4,5
A2IN5BKM9IQT6Z,B0002CZST4,4
A21WZ0YAMX0NLE,B0002CZST4,5
A2E2CJWPL1YMAR,B0002CZST4,5
AZXS6P5QWNMLC,B0002CZST4,5
A1AWXXBQRQN13I,B0002CZST4,5
A1IDPIC36H49JX,B0002CZST4,5
A1LI9W7A0CYOHV,B0002CZST4,5
A3EIML9QZO5NZZ,B0002CZST4,5
AEUG4DYQZJ64Z,B0002CZST4,5
A3DIN9E5QQZ6VT,B0002CZUUG,5
A1LU9607CVAMIF,B0002CZUUG,4
A15TYOEWBQYF0X,B0002CZUUG,5
A3MDQTWO6NOV1U,B0002CZUUG,5
A3IVULXGE2PB43,B0002CZUUG,5
A2RIQKV4OOXME1,B0002CZUUG,3
A2EDYSY4M8TESS,B0002CZUUG,3
A2ZGEV4CTSCTIZ,B0002CZUUG,5
A3CMXRFIWQCBKQ,B0002CZUUG,5
A2NYK9KWFMJV4Y,B0002CZUUG,5
A25ZBYVW8ZINLM,B0002CZUUG,5
A1UMOYYM8HB2A1,B0002CZUUG,5
A23AKO4BZLZ8DE,B0002CZUUG,5
A102MU6ZC9H1N6,B0002CZUUG,5
A18MMME07XZLYO,B0002CZUUG,5
A22Z554ZQ8NFPC,B0002CZV82,5
A2EZWZ8MBEDOLN,B0002CZV82,4
APB6VJX5CNR5C,B0002CZV82,5
A21Q29J3ZWPDNP,B0002CZV82,5
A2B58VXLLOFQKR,B0002CZV82,1
AJBBU53A0X84I,B0002CZV82,5
A1GMWTGXW682GB,B0002CZV82,5
A27L5L6I7OSV5B,B0002CZV82,2
A3EIML9QZO5NZZ,B0002CZV82,5
ADH0O8UVJOT10,B0002CZV82,4
A2F92AOWTIUIB,B0002CZV82,5
A22Z554ZQ8NFPC,B0002CZVK0,5
A4BTCECGQAIUI,B0002CZVK0,5
A13A81NN0NRD1S,B0002CZVK0,4
A1UPZM995ZAH90,B0002CZVK0,5
A1BH17V8BKLES,B0002CZVK0,4
A1JNV4K56GG94R,B0002CZVK0,5
A37A41GWQFMK3D,B0002CZVK0,5
A3IKOEE8Z3T6BH,B0002CZVK0,5
A3E7O9NSS47TE8,B0002CZVK0,5
A3APKXMNJAEDQM,B0002CZVK0,5
A1M3XD9UV3PD3I,B0002CZVK0,2
A1IB42LRNA9QLW,B0002CZVK0,4
AN4YGJYOAFE06,B0002CZVK0,5
A8MQNZK3J0UEX,B0002CZVK0,4
A3RHT4KI3H5TVH,B0002CZVK0,5
A25ZBYVW8ZINLM,B0002CZVK0,5
ADH0O8UVJOT10,B0002CZVK0,3
AJK15Q9JOEHRH,B0002CZVXM,5
A13A81NN0NRD1S,B0002CZVXM,4
A26SN2CVQM4FKM,B0002CZVXM,4
A1EUO0BU72JR7T,B0002CZVXM,4
A2GC5JELY3N07V,B0002CZVXM,5
A1UPZM995ZAH90,B0002CZVXM,5
A11INIL2YFJ137,B0002CZVXM,5
AWI6ABEOOVQIC,B0002CZVXM,4
A1HPC4BDRLR60,B0002CZVXM,5
A2YQTEPCGZ5N7J,B0002CZVXM,5
A1IJUUNPU7L6LA,B0002CZVXM,5
A3MMISYL1GBXH4,B0002CZVXM,5
AMGUVF20JAOG8,B0002CZVXM,5
ALB04NLERUCYC,B0002CZVXM,5
A1B9TIERY43Q8H,B0002CZVXM,5
A1VAUZRF5PUSOZ,B0002CZVXM,5
A6A03NM42KUXL,B0002CZVXM,5
A2F26OVBDC7WWA,B0002CZVXM,5
ABZYVME9NYCQG,B0002CZVXM,5
A19IFF0DGV0T3E,B0002CZVXM,4
A2WROWUBLQ9GZZ,B0002CZVXM,5
A3FW4THIMBIN6V,B0002CZVXM,2
A1365RYO0BLEMI,B0002CZVXM,2
A87NFCCTUG4PO,B0002CZVXM,4
AITXZ1QOILJ5Z,B0002CZVXM,5
A1YP96MT6W9FTB,B0002CZVXM,4
A781ITP3HE2N5,B0002CZVXM,5
A3PGQWCSJPCYDH,B0002CZVXM,4
A2T372SGRFAWYP,B0002CZVXM,5
A3K9OQPCI8UJE,B0002CZVXM,5
A3MKGUUWT9OOY6,B0002CZVXM,4
A3CSSZ6U5J4YS5,B0002CZVXM,5
A3RHT4KI3H5TVH,B0002CZVXM,5
A3DCG2MNPR4BW,B0002CZVXM,5
A35XRT4BW4I6UD,B0002CZVXM,5
A224JBB9U9TXMC,B0002CZVXM,5
A217QN6PDMKS1A,B0002CZVXM,5
A2F92AOWTIUIB,B0002CZVXM,5
A1GOLQ90G6MHK6,B0002CZVXM,5
A18RGYRCEN181M,B0002CZVXM,4
A2HWUC980HM1NP,B0002CZVXM,3
A31B0LYT2C92SN,B0002CZVXM,5
A1HW9DAJBYXGDV,B0002CZVXM,5
AXJ19189TLBLJ,B0002CZVXM,5
A2G2DXPFZKG48W,B0002CZW0Y,5
A3RDS0DJ5EJGA7,B0002CZW0Y,4
A1L7M2JXN4EZCR,B0002CZW0Y,5
A1AU5K3JMPS3UQ,B0002CZW0Y,5
A362IZKSMV6MA8,B0002CZW0Y,5
A3E7O9NSS47TE8,B0002CZW0Y,4
A3CT7PY4PMIT3S,B0002CZW0Y,5
A11E4FWMN9BXJD,B0002CZW0Y,4
A34LQ791ACZ0JC,B0002CZW0Y,4
A1G24ZYOU6FVST,B0002CZW0Y,5
A1UMM894XSEO4F,B0002CZW0Y,4
A3O9JAQME0YOB0,B0002CZW0Y,5
A2XD36ONYLNU5J,B0002CZW0Y,5
AMP0Z3DR4RCH7,B0002CZW0Y,5
A2WYF4POBUXL2O,B0002CZW0Y,4
A37KK1CLMULHE4,B0002CZW0Y,4
AA5TINW2RJ195,B0002D01K4,5
A3K96R872MUM3D,B0002D01K4,4
A2U1Z3TZ4P76JB,B0002D01K4,5
A3DIN9E5QQZ6VT,B0002D01K4,5
A3PB1FI3R9V7PY,B0002D01K4,5
A3MDQTWO6NOV1U,B0002D01K4,5
A1NOELD0FUS78X,B0002D01K4,2
AZE83O4F1IJPR,B0002D01K4,5
A2T372SGRFAWYP,B0002D01K4,4
A1EVEQAR05SY7L,B0002D01K4,5
A1XL4YLORJ5IBS,B0002D0CEO,5
A13A81NN0NRD1S,B0002D0CEO,5
A3QTFLU2ZWH7WS,B0002D0CEO,5
A26SN2CVQM4FKM,B0002D0CEO,4
A165EMA3YTIM6A,B0002D0CEO,4
A1EUO0BU72JR7T,B0002D0CEO,5
A2B5LSF5V85SZA,B0002D0CEO,5
A1UPZM995ZAH90,B0002D0CEO,5
A280VP2CL6ZFZZ,B0002D0CEO,5
A1BH17V8BKLES,B0002D0CEO,5
A34QHL6I85K3V5,B0002D0CEO,5
A1NPG8GYIXYIVY,B0002D0CEO,5
A1IT51TW0UI2LM,B0002D0CEO,5
A2GVH4P25TXN8M,B0002D0CEO,5
A5RJ7TM82RH0I,B0002D0CEO,5
A2JO762ONDZLF8,B0002D0CEO,5
A21Q29J3ZWPDNP,B0002D0CEO,5
A2JQWSA0GPVSQN,B0002D0CEO,5
A1VAUZRF5PUSOZ,B0002D0CEO,5
AKHWZ3S1UVZAO,B0002D0CEO,2
A2F26OVBDC7WWA,B0002D0CEO,5
A1GM034H7XPDEW,B0002D0CEO,5
A00338543M2OZPUWO9ZRU,B0002D0CEO,5
A2WROWUBLQ9GZZ,B0002D0CEO,5
A2GA2GM4LWESIC,B0002D0CEO,5
A3FW4THIMBIN6V,B0002D0CEO,5
A3M4FU3WQWJHMP,B0002D0CEO,4
AG1ZYSLKQCLMD,B0002D0CEO,5
A1MI9FDCNB3CMR,B0002D0CEO,5
A380AI4SNSJTTY,B0002D0CEO,5
A55YZTYSWPH96,B0002D0CEO,5
ALUTHT4U058KZ,B0002D0CEO,5
A1EW1P6BB16GP6,B0002D0CEO,5
A4XWMOFB1HY04,B0002D0CEO,5
A3RPDN9247BQHK,B0002D0CEO,5
A46D3MTB5LIUY,B0002D0CEO,5
A2CA4YBYSETM02,B0002D0CEO,5
A1EO6D8DS6DQ2,B0002D0CEO,5
A29GXZXORG2DS0,B0002D0CEO,5
A1NRNLEASOU773,B0002D0CEO,5
AK7X7IXX7WYNJ,B0002D0CEO,5
A2F92AOWTIUIB,B0002D0CEO,4
A1GOLQ90G6MHK6,B0002D0CEO,5
A32ZC1AIF9B85,B0002D0CEO,5
A1BD73IAW04XMZ,B0002D0CEO,5
A3UQS40N3PW18L,B0002D0CEO,4
A1HW9DAJBYXGDV,B0002D0CEO,4
A22Z554ZQ8NFPC,B0002D0CGC,5
A3HCK3UXD6WS4G,B0002D0CGC,5
A3MTR7P9PYAALX,B0002D0CGC,5
A1MY8258SXRZ8M,B0002D0CGC,5
A2T305UHZJ21L1,B0002D0CGC,4
AKHWZ3S1UVZAO,B0002D0CGC,4
AWN6DAI88TD4Y,B0002D0CGC,5
A1E5FQZTUM8OC1,B0002D0CGC,3
A149F91FB9WTW6,B0002D0CGC,5
A1IQB6UF5L422C,B0002D0CGC,5
AF331KJH45RIH,B0002D0CGC,5
A1O3P80RRDUV5P,B0002D0CGC,5
A3SUC2DJYHUU9Y,B0002D0CGC,5
A3V1A3C9DTLPME,B0002D0CGC,5
A1MCMSRNN2AS1F,B0002D0CGC,5
A2542JORVF514Q,B0002D0CGC,5
A1LI9W7A0CYOHV,B0002D0CGC,4
A2SKZZZBV1XYWP,B0002D0CGC,5
A3NMQFWLXPP8EV,B0002D0CGC,4
AB8JKS38BK9P,B0002D0CGC,5
A202CZ4PJH83G4,B0002D0CGC,5
A2HWUC980HM1NP,B0002D0CGC,4
A1PX8CDUSZ8R7C,B0002D0CGC,5
A18MMME07XZLYO,B0002D0CGC,5
A12SSZIN555FTL,B0002D0CGW,5
AXWEQHTXQWR7Q,B0002D0CGW,5
A3MTR7P9PYAALX,B0002D0CGW,5
A2Y4KXTXDM8OX0,B0002D0CGW,5
A3FBE4WF5KQRR1,B0002D0CGW,5
A3RNEUUWTA78QR,B0002D0CGW,4
A1O3P80RRDUV5P,B0002D0CGW,5
A3HH340REI4J47,B0002D0CGW,5
A5O3ZBCOLILKQ,B0002D0CGW,5
A1GOLQ90G6MHK6,B0002D0CGW,5
A202CZ4PJH83G4,B0002D0CGW,5
A22Z554ZQ8NFPC,B0002D0CIK,4
AMGUVF20JAOG8,B0002D0CIK,5
A362IZKSMV6MA8,B0002D0CIK,5
A13ZMJGD5E6JAQ,B0002D0CIK,4
ABZYVME9NYCQG,B0002D0CIK,5
A1E5FQZTUM8OC1,B0002D0CIK,4
A1NYHG06D44JUB,B0002D0CIK,5
A2IRI1NFJJJ6MZ,B0002D0CIK,3
A3SUC2DJYHUU9Y,B0002D0CIK,4
A3MPMALWL0ERCA,B0002D0CIK,4
A22Z554ZQ8NFPC,B0002D0CKI,3
AB2G1XOBEGWK2,B0002D0CKI,3
AGW4SR1USX8J0,B0002D0CKI,4
AKHWZ3S1UVZAO,B0002D0CKI,5
AMVC9WTXYKNJ1,B0002D0CKI,5
A1IB42LRNA9QLW,B0002D0CKI,5
A3RPTP7XINQSKI,B0002D0CKI,5
A2LBHMQ3142G3S,B0002D0CKI,4
APH7O58XJXKPT,B0002D0CKI,5
AEWYUPCNDV7HY,B0002D0CKI,5
A1EW1P6BB16GP6,B0002D0CKI,1
A5EPN0VVF9EHZ,B0002D0CKI,5
A2Z89YMZZJWBHS,B0002D0CKI,4
A6VXZ1EEPRTLV,B0002D0CKI,5
A18RGYRCEN181M,B0002D0CKI,5
A1H55L0BLPCWYF,B0002D0COE,3
A27WU4E7J23ZS7,B0002D0COE,4
A1NNBJRXPIDA12,B0002D0COE,5
AXXYMIJBD0J9G,B0002D0COE,3
A1VFUMY02HJIFY,B0002D0COE,5
AOGJD9K1UN63X,B0002D0COE,3
A3I9IGMS9GHW8J,B0002D0COE,3
A2B58VXLLOFQKR,B0002D0COE,5
AGW1JFTQNX7SZ,B0002D0COE,2
A3TM9RWCTMIK42,B0002D0COE,3
A3QNHDUBMA6WQM,B0002D0COE,5
A3QPN05Y1OUX32,B0002D0COE,5
A14PY68SX7D5DV,B0002D0COE,5
A5MC7LP0ZBO4Q,B0002D0COE,4
APH7O58XJXKPT,B0002D0COE,5
A1LI9W7A0CYOHV,B0002D0COE,3
A2CCGGDGZ694CT,B0002D0CQC,5
A3RDS0DJ5EJGA7,B0002D0CQC,4
A1MVH1WLYDHZ49,B0002D0CQC,5
A32BCTL0HLOXRV,B0002D0CQC,5
A2PDPIVN721PZ7,B0002D0CQC,5
A34EGGJLO553D8,B0002D0CQC,5
AXXYMIJBD0J9G,B0002D0CQC,5
A1WQNVR4H66YX9,B0002D0CQC,4
A28BZXY96N6F43,B0002D0CQC,5
A1GM034H7XPDEW,B0002D0CQC,4
A3EUD541ZM0R0R,B0002D0CQC,5
A3NI8JZCL7BZMC,B0002D0CQC,5
A6Y029E0JUFQ1,B0002D0CQC,5
A1GMWTGXW682GB,B0002D0CQC,5
A1UKMEC156SHOD,B0002D0CQC,5
A1W228ES4U9GDQ,B0002D0CQC,5
AKYDGCKCY7H9F,B0002D0CQC,5
A23AKO4BZLZ8DE,B0002D0CQC,3
A2C46HQIZLYJUC,B0002D0CQC,3
A1UI4WTBYHYUGD,B0002D0E8S,5
A1YIV070HP0VAJ,B0002D0E8S,5
A2F2L5F9OWWVY6,B0002D0E8S,5
AWI6ABEOOVQIC,B0002D0E8S,5
A1B9TIERY43Q8H,B0002D0E8S,5
A1VAUZRF5PUSOZ,B0002D0E8S,5
A2F26OVBDC7WWA,B0002D0E8S,5
A2IN5BKM9IQT6Z,B0002D0E8S,5
AGW1JFTQNX7SZ,B0002D0E8S,4
A5JC41VQDJVU0,B0002D0E8S,5
AJBBU53A0X84I,B0002D0E8S,5
A3M4FU3WQWJHMP,B0002D0E8S,5
A2ZGEV4CTSCTIZ,B0002D0E8S,3
A1AWXXBQRQN13I,B0002D0E8S,5
A2KJY8BRDP8RZP,B0002D0E8S,4
A2MIXJT004JXSE,B0002D0E8S,5
AE9C0UNXBV8CB,B0002D0E8S,5
A2PFX6WO88KTYB,B0002D0E8S,5
A3IRXJOT9PY6SE,B0002D0E8S,5
A15BHBF0L0HV1F,B0002D0E8S,3
A5O3ZBCOLILKQ,B0002D0E8S,5
A2J4GBHSDLP4DF,B0002D0E8S,5
A27GPJSZDRQ1ZW,B0002D0E8S,5
A2F92AOWTIUIB,B0002D0E8S,5
A1MAQQXJZTMSKT,B0002D0E8S,4
A1BD73IAW04XMZ,B0002D0E8S,5
AASCUHX7YUC6M,B0002DURNK,5
A3DZBMO93FHKTH,B0002DURNK,5
A2F2L5F9OWWVY6,B0002DURNK,5
A15TYOEWBQYF0X,B0002DURNK,5
A3B9P95Z0WXD4Z,B0002DURNK,5
A1365RYO0BLEMI,B0002DURNK,5
AG1ZYSLKQCLMD,B0002DURNK,5
A1MI9FDCNB3CMR,B0002DURNK,5
A356RFKNIG043B,B0002DURNK,5
A2D9QW4TY8CFB0,B0002DURNK,5
AWQQ1QHCECDJ3,B0002DURNK,4
A14BICJ93WO926,B0002DV6RQ,5
A341MNU9GWBWKS,B0002DV6RQ,5
A3IICSS30MRX9M,B0002DV6RQ,4
A121QRWXZIO6UP,B0002DV6RQ,5
A5JC41VQDJVU0,B0002DV6RQ,5
A34LQ791ACZ0JC,B0002DV6RQ,4
A1E5FQZTUM8OC1,B0002DV6RQ,4
A1GMWTGXW682GB,B0002DV6RQ,5
A2X68NVO0SGCMC,B0002DV6RQ,4
A4M7GUJ0MKZD4,B0002DV6RQ,2
A2VDGYUTGIOL86,B0002DV7ZM,5
ADRAB7F3AI7OL,B0002DV7ZM,5
A36IOSZXG6HQAU,B0002DV7ZM,5
A34QHL6I85K3V5,B0002DV7ZM,5
A1LQC225SE8UNI,B0002DV7ZM,4
A1DX9PS0UN7EHY,B0002DV7ZM,5
A37A41GWQFMK3D,B0002DV7ZM,5
A24JW33E1DW64K,B0002DV7ZM,5
A1CL807EOUPVP1,B0002DV7ZM,5
A1M3XD9UV3PD3I,B0002DV7ZM,5
ADOSJR623FDF1,B0002DV7ZM,5
A1XDIC6OQKYJXW,B0002DV7ZM,4
AN4YGJYOAFE06,B0002DV7ZM,4
A1E5FQZTUM8OC1,B0002DV7ZM,4
AVQEN2UAO4UU2,B0002DV7ZM,5
A3RPTP7XINQSKI,B0002DV7ZM,5
A3HH340REI4J47,B0002DV7ZM,4
A2T2SAJS88MYU4,B0002DV7ZM,5
AM67EGOF8ACTY,B0002DV7ZM,5
A18XPD5BM4U6B1,B0002DV7ZM,5
A2TZAS3A5WIUJQ,B0002DV7ZM,5
AM9EL9YBP070A,B0002DV7ZM,5
AO6GZPDXYW5DL,B0002DV7ZM,5
A1SCWHXAB2ZK7N,B0002E1G5C,5
AHUCLL02HS7M5,B0002E1G5C,4
A2SBZZ1HSR7WSP,B0002E1G5C,5
AURLBJJP9B2E3,B0002E1G5C,5
A3H4S6YO9VNGDZ,B0002E1G5C,5
A3DZBMO93FHKTH,B0002E1G5C,4
AROOYR32BS1VL,B0002E1G5C,5
A2FIYXK97CTS6D,B0002E1G5C,4
A3RDS0DJ5EJGA7,B0002E1G5C,5
A1EUO0BU72JR7T,B0002E1G5C,4
A1S7QABO64Z554,B0002E1G5C,5
A2B5LSF5V85SZA,B0002E1G5C,5
A2GBBFPROUYQQ9,B0002E1G5C,5
AB39UO500J4EP,B0002E1G5C,5
A1MVH1WLYDHZ49,B0002E1G5C,4
A2DG65AWX5RJ4J,B0002E1G5C,4
A280VP2CL6ZFZZ,B0002E1G5C,5
A3PL8ENSYWS1PZ,B0002E1G5C,5
A11INIL2YFJ137,B0002E1G5C,5
A35QFQI0M46LWO,B0002E1G5C,5
AXXYMIJBD0J9G,B0002E1G5C,3
A34O0KQV4QXWNQ,B0002E1G5C,5
A3DIN9E5QQZ6VT,B0002E1G5C,5
A3A6H8SFKSO9ZC,B0002E1G5C,4
A3EXWV8FNSSFL6,B0002E1G5C,5
A2KXINV90T91L8,B0002E1G5C,5
A15TYOEWBQYF0X,B0002E1G5C,5
A1VFUMY02HJIFY,B0002E1G5C,4
ANQRGI79HHJPQ,B0002E1G5C,5
A3B9P95Z0WXD4Z,B0002E1G5C,5
A1O7G2PW6LGL0G,B0002E1G5C,5
A1IT51TW0UI2LM,B0002E1G5C,5
AZJPNK73JF3XP,B0002E1G5C,4
A1IJUUNPU7L6LA,B0002E1G5C,5
A2JK2ITE138P7Z,B0002E1G5C,5
A5RJ7TM82RH0I,B0002E1G5C,5
A30GZDBGNP2366,B0002E1G5C,5
A3AH6CRIGC022K,B0002E1G5C,5
A2Y4KXTXDM8OX0,B0002E1G5C,5
A24VCDADYAIHAM,B0002E1G5C,5
A3M1PLEYNDEYO8,B0002E1G5C,2
A3E7O9NSS47TE8,B0002E1G5C,5
AKHWZ3S1UVZAO,B0002E1G5C,5
A3IICSS30MRX9M,B0002E1G5C,4
A15N5RY4YGRQRQ,B0002E1G5C,5
A2M8T1A4O0GS72,B0002E1G5C,5
A00338543M2OZPUWO9ZRU,B0002E1G5C,5
A29U2YU2BVD72N,B0002E1G5C,5
A1U3T27RHRIDYN,B0002E1G5C,5
A1N82BBPB5816P,B0002E1G5C,5
AMVC9WTXYKNJ1,B0002E1G5C,4
A3EUD541ZM0R0R,B0002E1G5C,5
A3G5BIFX6VS1OP,B0002E1G5C,5
A2UYE434RFINE,B0002E1G5C,4
A2IC4MEKF2Y6IF,B0002E1G5C,5
A19WXFFQMKES6O,B0002E1G5C,5
A56EP6FFRH1YT,B0002E1G5C,5
A1NAA1R38JSNHV,B0002E1G5C,5
A27KQGXAU8Z7OT,B0002E1G5C,5
A2Z548GT5948WH,B0002E1G5C,5
AFUXETAHFUXFE,B0002E1G5C,5
A380AI4SNSJTTY,B0002E1G5C,3
A2L9RRGLE2I644,B0002E1G5C,5
A2ZGEV4CTSCTIZ,B0002E1G5C,4
A2Z15UQEUTE3T9,B0002E1G5C,5
A14PY68SX7D5DV,B0002E1G5C,4
A5MC7LP0ZBO4Q,B0002E1G5C,5
A2D0F87RY5YMHN,B0002E1G5C,5
A2MPM6M93OXIJT,B0002E1G5C,4
A149F91FB9WTW6,B0002E1G5C,3
A1IQB6UF5L422C,B0002E1G5C,5
A15WZCSME5X74S,B0002E1G5C,5
A52GGV55KT8AV,B0002E1G5C,5
A2J4UAF6RW13WK,B0002E1G5C,4
APH7O58XJXKPT,B0002E1G5C,3
A10EYK3699YT9F,B0002E1G5C,4
A1WD8RFNIGRPDH,B0002E1G5C,5
A3NTAQ473SV08U,B0002E1G5C,5
A1EW1P6BB16GP6,B0002E1G5C,5
A3D0PD45BHLXFX,B0002E1G5C,4
A1GXG8FTXEA72D,B0002E1G5C,3
A1K2VGY3VJ6XI0,B0002E1G5C,5
AD1L3ZHLHB9FD,B0002E1G5C,4
A1IYBO676W7GV6,B0002E1G5C,5
A2QSLD0X2K5QIE,B0002E1G5C,5
A2X68NVO0SGCMC,B0002E1G5C,4
A1EO6D8DS6DQ2,B0002E1G5C,5
A1IDPIC36H49JX,B0002E1G5C,5
A13T4T3QOSII3I,B0002E1G5C,5
A3NGAQKJ6X088B,B0002E1G5C,4
A2XL6TZM34HFV3,B0002E1G5C,5
ALA9EIJ7G1SCF,B0002E1G5C,5
A1CF9IF5FWYNU0,B0002E1G5C,2
A3ADSZR7QAQ5U,B0002E1G5C,4
A2D91EJR5M0CUP,B0002E1G5C,5
AK7X7IXX7WYNJ,B0002E1G5C,5
A27YVE2HVG32Y3,B0002E1G5C,5
A10FM4ILBIMJJ7,B0002E1G5C,5
A2SKZZZBV1XYWP,B0002E1G5C,5
A1L2S18BTJE1BZ,B0002E1G5C,5
A23AKO4BZLZ8DE,B0002E1G5C,5
A2O52ICJCRQYVK,B0002E1G5C,5
ALVO1A5UB8DG0,B0002E1G5C,4
A3HKZSCGFU9T2A,B0002E1G5C,5
AB8JKS38BK9P,B0002E1G5C,5
AMP0Z3DR4RCH7,B0002E1G5C,5
A202CZ4PJH83G4,B0002E1G5C,2
A2AWJRUEY9IG4B,B0002E1G5C,3
A1MAQQXJZTMSKT,B0002E1G5C,5
A3VPJNX40SBP1M,B0002E1G5C,5
A1VOONTYYM0SDA,B0002E1G5C,3
A1PX8CDUSZ8R7C,B0002E1G5C,5
ALHC64J88LVWO,B0002E1G5C,4
A1EVEQAR05SY7L,B0002E1G5C,5
A2CCGGDGZ694CT,B0002E1H9W,5
AB2G1XOBEGWK2,B0002E1H9W,5
A1MVH1WLYDHZ49,B0002E1H9W,5
A35QFQI0M46LWO,B0002E1H9W,4
A34O0KQV4QXWNQ,B0002E1H9W,4
A204ETWOV23HO4,B0002E1H9W,5
A2SREOQJ9OEDLE,B0002E1H9W,5
A00338543M2OZPUWO9ZRU,B0002E1H9W,5
A3I9IGMS9GHW8J,B0002E1H9W,3
AMNTZU1YQN1TH,B0002E1H9W,5
A9P4Q7KX35RS2,B0002E1H9W,5
A2IPU94WKACV06,B0002E1H9W,5
A3RPDN9247BQHK,B0002E1H9W,5
A25ZBYVW8ZINLM,B0002E1H9W,5
A38UFP5UJLYLMC,B0002E1H9W,5
A3RDS0DJ5EJGA7,B0002E1O2C,5
A1S7QABO64Z554,B0002E1O2C,2
A2AJKYCZ1WC4UP,B0002E1O2C,5
A109ME7C09HM2M,B0002E1O2C,5
A30J7WQV0ZNRXG,B0002E1O2C,5
A2GVH4P25TXN8M,B0002E1O2C,5
A1MY8258SXRZ8M,B0002E1O2C,5
A2JO762ONDZLF8,B0002E1O2C,5
A14VAT5EAX3D9S,B0002E1O2C,5
A1M3XD9UV3PD3I,B0002E1O2C,5
A2Y7BSQG9V3LNG,B0002E1O2C,4
A56EP6FFRH1YT,B0002E1O2C,4
A3M4FU3WQWJHMP,B0002E1O2C,5
A35JPJHGOSPZX9,B0002E1O2C,5
A1786LAQ18LHDC,B0002E1O2C,5
A2053ZJUGCKUA5,B0002E1O2C,5
A2D0F87RY5YMHN,B0002E1O2C,4
A2PFX6WO88KTYB,B0002E1O2C,5
A2IRI1NFJJJ6MZ,B0002E1O2C,5
A3MZWM75KSM1P6,B0002E1O2C,5
A3R8XCQYDNQIAA,B0002E1O2C,5
A3BUN5KKKUMUIH,B0002E1O2C,5
A2ZBSEZ211C4QW,B0002E1O2C,5
A2Z89YMZZJWBHS,B0002E1O2C,4
AB8JKS38BK9P,B0002E1O2C,5
AMP0Z3DR4RCH7,B0002E1O2C,5
A2AWJRUEY9IG4B,B0002E1O2C,5
A2HWUC980HM1NP,B0002E1O2C,3
A1VOONTYYM0SDA,B0002E1O2C,5
ALHC64J88LVWO,B0002E1O2C,3
A341MNU9GWBWKS,B0002E1O2M,5
AOY459LVUBKLO,B0002E1O2M,4
A3UZITVEOSRRHD,B0002E1O2M,3
A2GVH4P25TXN8M,B0002E1O2M,5
A6KYDNP84GGGJ,B0002E1O2M,5
A35JPJHGOSPZX9,B0002E1O2M,5
A1N46MR82AUE4T,B0002E1O2M,5
A1TSKKBNV38E8Y,B0002E1O2M,3
A3D0PD45BHLXFX,B0002E1O2M,5
A1XL7R4E5WXCXD,B0002E1O2M,5
A1EO6D8DS6DQ2,B0002E1O2M,5
A3R8XCQYDNQIAA,B0002E1O2M,5
A3LOJ2QHXITCF7,B0002E1O2M,5
A2AWJRUEY9IG4B,B0002E1O2M,4
A35HTG0YUEKFGM,B0002E1O2M,1
AGW4SR1USX8J0,B0002E1O5E,5
AB39UO500J4EP,B0002E1O5E,5
A3DIN9E5QQZ6VT,B0002E1O5E,5
A15TYOEWBQYF0X,B0002E1O5E,5
AKT2VSLZHDD81,B0002E1O5E,5
A1O7G2PW6LGL0G,B0002E1O5E,5
A6KYDNP84GGGJ,B0002E1O5E,5
A34VZEFXQJJ7AT,B0002E1O5E,5
A1N46MR82AUE4T,B0002E1O5E,5
A356RFKNIG043B,B0002E1O5E,3
A2QPZKGUDE7RJ4,B0002E1O5E,5
A2ZBSEZ211C4QW,B0002E1O5E,5
A15TYOEWBQYF0X,B0002E2GMY,5
A1DVUFG2QSJ6IK,B0002E2GMY,5
A3A3ZCWP7Z4V4K,B0002E2GMY,5
A2ZGEV4CTSCTIZ,B0002E2GMY,4
A1YEE541N7TL2A,B0002E2GMY,5
A164BJ2NU1NSJZ,B0002E2GMY,5
A3D0PD45BHLXFX,B0002E2GMY,3
A3SUC2DJYHUU9Y,B0002E2GMY,3
A27L5L6I7OSV5B,B0002E2GMY,5
A330W6L217G0U6,B0002E2GMY,3
AWQQ1QHCECDJ3,B0002E2GMY,4
AKYDGCKCY7H9F,B0002E2GMY,4
AFBETARDFURG,B0002E2GMY,4
A18RGYRCEN181M,B0002E2GMY,4
A31B0LYT2C92SN,B0002E2GMY,5
AENULRBQ2IE5I,B0002E2GMY,5
A3E0CF25A7LD2,B0002E2GMY,5
A1EVEQAR05SY7L,B0002E2GMY,4
AJK15Q9JOEHRH,B0002E2KPC,5
AETQIN7OH0RL9,B0002E2KPC,4
A1H55L0BLPCWYF,B0002E2KPC,5
AWV58YYFEAUL0,B0002E2KPC,5
A2FIYXK97CTS6D,B0002E2KPC,5
A21DER2RMJIDX7,B0002E2KPC,4
A2FC9LNES7BVOJ,B0002E2KPC,5
A1QIXOP75BS29C,B0002E2KPC,5
A1MVH1WLYDHZ49,B0002E2KPC,4
A32BCTL0HLOXRV,B0002E2KPC,5
A2AJKYCZ1WC4UP,B0002E2KPC,5
A2FCEH4VOA71GU,B0002E2KPC,4
A3K96R872MUM3D,B0002E2KPC,4
AOY459LVUBKLO,B0002E2KPC,5
A34O0KQV4QXWNQ,B0002E2KPC,4
A1LU9607CVAMIF,B0002E2KPC,4
A15TYOEWBQYF0X,B0002E2KPC,5
AKT2VSLZHDD81,B0002E2KPC,5
A109ME7C09HM2M,B0002E2KPC,5
A1JJ61UV88EAP5,B0002E2KPC,3
A5RJ7TM82RH0I,B0002E2KPC,5
A8MTE6SIYM0GY,B0002E2KPC,5
A1N4G1OXNKGGJS,B0002E2KPC,4
A2IN5BKM9IQT6Z,B0002E2KPC,5
A1GM034H7XPDEW,B0002E2KPC,5
A2WROWUBLQ9GZZ,B0002E2KPC,4
A3EUD541ZM0R0R,B0002E2KPC,5
A2UYE434RFINE,B0002E2KPC,3
A3JXFUXN03IUT5,B0002E2KPC,5
A2E2CJWPL1YMAR,B0002E2KPC,5
A1QHHS25GI7QAY,B0002E2KPC,3
ADOSJR623FDF1,B0002E2KPC,5
AVQEN2UAO4UU2,B0002E2KPC,5
A5MC7LP0ZBO4Q,B0002E2KPC,5
A9P4Q7KX35RS2,B0002E2KPC,5
A52GGV55KT8AV,B0002E2KPC,5
A1O3P80RRDUV5P,B0002E2KPC,1
A2DE5UPQJSIPKR,B0002E2KPC,4
A1UKMEC156SHOD,B0002E2KPC,5
AE9C0UNXBV8CB,B0002E2KPC,5
A1NYHG06D44JUB,B0002E2KPC,5
A1K2VGY3VJ6XI0,B0002E2KPC,5
A2PN3GY7I3EKC1,B0002E2KPC,5
A386KVFXZR6XL8,B0002E2KPC,5
ANQ4OCX36QPYE,B0002E2KPC,5
A2QSLD0X2K5QIE,B0002E2KPC,5
A1AUDW7X02EEPJ,B0002E2KPC,5
A15BHBF0L0HV1F,B0002E2KPC,4
A13YYR53R5K32S,B0002E2KPC,5
ACH055GTTIGC9,B0002E2KPC,4
A3BUN5KKKUMUIH,B0002E2KPC,4
A3LOJ2QHXITCF7,B0002E2KPC,5
AM67EGOF8ACTY,B0002E2KPC,5
A1GXJW4152V4LJ,B0002E2KPC,4
A19NGYCQ1NCF3W,B0002E2KPC,5
A3THKM5QX5XBKQ,B0002E2KPC,3
ALVO1A5UB8DG0,B0002E2KPC,3
A2OUJTI80VZ0AH,B0002E2KPC,5
A38UFP5UJLYLMC,B0002E2KPC,5
A31B0LYT2C92SN,B0002E2KPC,5
A37KK1CLMULHE4,B0002E2KPC,4
A2WNBESAB2IZOB,B0002E2S36,5
A2PDPIVN721PZ7,B0002E2S36,5
A34O0KQV4QXWNQ,B0002E2S36,4
A15TYOEWBQYF0X,B0002E2S36,5
A1N4G1OXNKGGJS,B0002E2S36,5
AJO5UGNMFVDJN,B0002E2S36,5
AS421KUEDNJ5V,B0002E2S36,5
A2PTJ004ZPRVHX,B0002E2S36,3
A9P4Q7KX35RS2,B0002E2S36,5
A1PSMEIYGQVP8P,B0002E2S36,5
A2PX3NR1IVTXPG,B0002E2S36,5
A3K9OQPCI8UJE,B0002E2S36,5
AKYDGCKCY7H9F,B0002E2S36,4
ALVO1A5UB8DG0,B0002E2S36,5
A26SN2CVQM4FKM,B0002E2XCW,5
A21DER2RMJIDX7,B0002E2XCW,5
A1EUO0BU72JR7T,B0002E2XCW,5
A20HEID734XSTW,B0002E2XCW,5
A2R7B3MUR22USI,B0002E2XCW,5
A1QIXOP75BS29C,B0002E2XCW,5
ATJQOAUHB5XB8,B0002E2XCW,5
A3PL8ENSYWS1PZ,B0002E2XCW,5
A3EXWV8FNSSFL6,B0002E2XCW,5
A204ETWOV23HO4,B0002E2XCW,5
A15TYOEWBQYF0X,B0002E2XCW,5
A1VFUMY02HJIFY,B0002E2XCW,5
A2IMQNWFXAQQJ6,B0002E2XCW,5
A5RJ7TM82RH0I,B0002E2XCW,5
A1CL807EOUPVP1,B0002E2XCW,5
A15RRJL2HT44J4,B0002E2XCW,5
A1HZRYGGNMOWRQ,B0002E2XCW,5
A1NAA1R38JSNHV,B0002E2XCW,5
A1YA2BPU7CVNJD,B0002E2XCW,5
APQTAELJ74I07,B0002E2XCW,5
A1PSMEIYGQVP8P,B0002E2XCW,5
A2CARFAX5FNQT9,B0002E2XCW,5
A2MIXJT004JXSE,B0002E2XCW,5
A2T372SGRFAWYP,B0002E2XCW,4
A3NTAQ473SV08U,B0002E2XCW,5
A2QPZKGUDE7RJ4,B0002E2XCW,5
A1IDPIC36H49JX,B0002E2XCW,5
A2RVY2GDMZHH4,B0002E2XCW,5
A35XRT4BW4I6UD,B0002E2XCW,5
A1GXJW4152V4LJ,B0002E2XCW,4
A1L2S18BTJE1BZ,B0002E2XCW,5
A23AKO4BZLZ8DE,B0002E2XCW,5
A2O52ICJCRQYVK,B0002E2XCW,5
A2SNKWR5D203ZX,B0002E2XCW,5
AM9EL9YBP070A,B0002E2XCW,3
AXJ19189TLBLJ,B0002E2XCW,5
A19AXCVXAM7NM2,B0002E2XCW,5
ABC68JUCPTVOE,B0002E3CHC,5
A22Z554ZQ8NFPC,B0002E3CHC,5
A146H4KN4LFR60,B0002E3CHC,5
A13A81NN0NRD1S,B0002E3CHC,4
A2G2DXPFZKG48W,B0002E3CHC,5
ABKNRVFFLEA3M,B0002E3CHC,5
A3OXHLG6DIBRW8,B0002E3CHC,4
A3EXWV8FNSSFL6,B0002E3CHC,5
AF8DM6NWL9API,B0002E3CHC,3
AZJPNK73JF3XP,B0002E3CHC,5
A30J7WQV0ZNRXG,B0002E3CHC,5
A2MVPY9XVYST9H,B0002E3CHC,5
A3923UGIPX0QQM,B0002E3CHC,4
A20OBCQWBKCGZT,B0002E3CHC,5
A3AOPVQ7EZHTWA,B0002E3CHC,5
A2Y4KXTXDM8OX0,B0002E3CHC,5
A3M1PLEYNDEYO8,B0002E3CHC,5
A2UYE434RFINE,B0002E3CHC,5
A56EP6FFRH1YT,B0002E3CHC,4
A31RULW0KNYJ5H,B0002E3CHC,5
A2053ZJUGCKUA5,B0002E3CHC,5
A2D0F87RY5YMHN,B0002E3CHC,5
A1RPTVW5VEOSI,B0002E3CHC,5
A1NYHG06D44JUB,B0002E3CHC,5
AMEZJVXMSEPY0,B0002E3CHC,4
AEWYUPCNDV7HY,B0002E3CHC,5
A1VQHH85U7PX0,B0002E3CHC,5
AOMEH9W6LHC4S,B0002E3CHC,5
A356YVTEMDX69J,B0002E3CHC,3
A1JOANG98KBFKU,B0002E3CHC,5
A2PBMCBT1R8TTL,B0002E3CHC,5
A3THKM5QX5XBKQ,B0002E3CHC,5
A181TIQPGSTYH6,B0002E3CHC,4
A1GOLQ90G6MHK6,B0002E3CHC,5
AR6CAR106LX2Y,B0002E3CHC,3
A70NFM6KHU24F,B0002E3CHC,4
A3MPMALWL0ERCA,B0002E3CHC,5
ALHC64J88LVWO,B0002E3CHC,5
A1WSFFFG0SL1XJ,B0002E3CHC,5
A394SBIRC4A8S9,B0002E3CHC,3
A1SCWHXAB2ZK7N,B0002F58TG,5
A3A6H8SFKSO9ZC,B0002F58TG,4
A1L7M2JXN4EZCR,B0002F58TG,5
A27JKERUXCM2PB,B0002F58TG,5
AZE83O4F1IJPR,B0002F58TG,5
A2T2SAJS88MYU4,B0002F58TG,5
A3NS4AQ9Y7UWRL,B0002F58TG,5
A1HJ1H7EIPFBRK,B0002F58TG,5
A1UMOYYM8HB2A1,B0002F58TG,5
A23AKO4BZLZ8DE,B0002F58TG,4
A3DRR0ZJNHP6KI,B0002F58TG,5
A18MMME07XZLYO,B0002F58TG,5
A22Z554ZQ8NFPC,B0002F7IIK,5
A3OJG7CAAYTQKU,B0002F7IIK,5
A2U4KTDIVI8KMR,B0002F7IIK,5
A34EGGJLO553D8,B0002F7IIK,5
A3775OP5VTX5ON,B0002F7IIK,3
AXG9N4QFS4QYP,B0002F7IIK,4
A6A03NM42KUXL,B0002F7IIK,5
A3IDC5FP52KJWJ,B0002F7IIK,5
A1NAA1R38JSNHV,B0002F7IIK,5
A3TA1UJWRJF9NC,B0002F7IIK,5
A2CA4YBYSETM02,B0002F7IIK,5
A34AJKMVLJCOSI,B0002F7IIK,5
A3LOJ2QHXITCF7,B0002F7IIK,5
A3HKZSCGFU9T2A,B0002F7IIK,5
A3NKSY3I0UW3KK,B0002F7IIK,5
A3SJP0GZNZJ0XE,B0002F7IIK,5
A1UI4WTBYHYUGD,B0002F7K7Y,1
A14BICJ93WO926,B0002F7K7Y,5
A1XL4YLORJ5IBS,B0002F7K7Y,5
A146H4KN4LFR60,B0002F7K7Y,5
A3H4S6YO9VNGDZ,B0002F7K7Y,4
A3QTFLU2ZWH7WS,B0002F7K7Y,5
A2FC9LNES7BVOJ,B0002F7K7Y,5
AOHR2Q90UXF23,B0002F7K7Y,5
AJCHGS1GND4OA,B0002F7K7Y,5
A1UPZM995ZAH90,B0002F7K7Y,5
A2FY8306QHI5LE,B0002F7K7Y,4
ATJQOAUHB5XB8,B0002F7K7Y,5
A1LS2UXHG1BYRG,B0002F7K7Y,5
A3HCK3UXD6WS4G,B0002F7K7Y,4
A2IBPI20UZIR0U,B0002F7K7Y,5
A3PL8ENSYWS1PZ,B0002F7K7Y,5
AOY459LVUBKLO,B0002F7K7Y,2
A34O0KQV4QXWNQ,B0002F7K7Y,4
A3EXWV8FNSSFL6,B0002F7K7Y,3
AZMIKIG4BB6BZ,B0002F7K7Y,5
A1LQC225SE8UNI,B0002F7K7Y,5
A15TYOEWBQYF0X,B0002F7K7Y,3
A1O7G2PW6LGL0G,B0002F7K7Y,5
A1IT51TW0UI2LM,B0002F7K7Y,5
A2YQTEPCGZ5N7J,B0002F7K7Y,4
A2MVPY9XVYST9H,B0002F7K7Y,5
AMGUVF20JAOG8,B0002F7K7Y,5
A20OBCQWBKCGZT,B0002F7K7Y,4
A3AOPVQ7EZHTWA,B0002F7K7Y,4
A21Q29J3ZWPDNP,B0002F7K7Y,5
A3M1PLEYNDEYO8,B0002F7K7Y,5
A1SD1C8XK3Z3V1,B0002F7K7Y,5
A1CL807EOUPVP1,B0002F7K7Y,5
A2F26OVBDC7WWA,B0002F7K7Y,5
A3AZ44SMA0QNW7,B0002F7K7Y,5
A29U2YU2BVD72N,B0002F7K7Y,5
A3FBE4WF5KQRR1,B0002F7K7Y,5
A2VRAT69JDAD3W,B0002F7K7Y,5
A2WROWUBLQ9GZZ,B0002F7K7Y,4
A3EUD541ZM0R0R,B0002F7K7Y,5
A306NASGVUDFKF,B0002F7K7Y,4
A5JC41VQDJVU0,B0002F7K7Y,5
A2RIQKV4OOXME1,B0002F7K7Y,5
A1CKZGG8OQ2DTS,B0002F7K7Y,5
AG1ZYSLKQCLMD,B0002F7K7Y,5
A3VG7F7SZUK87S,B0002F7K7Y,4
A1YP96MT6W9FTB,B0002F7K7Y,4
A1TSKKBNV38E8Y,B0002F7K7Y,5
A3IY9JZZ36OQSV,B0002F7K7Y,3
A2Z15UQEUTE3T9,B0002F7K7Y,4
A2LBHMQ3142G3S,B0002F7K7Y,5
AF331KJH45RIH,B0002F7K7Y,5
A6OLPMJ9HH4IP,B0002F7K7Y,5
A1GMWTGXW682GB,B0002F7K7Y,4
A1RPTVW5VEOSI,B0002F7K7Y,5
A781ITP3HE2N5,B0002F7K7Y,5
A2PFX6WO88KTYB,B0002F7K7Y,5
A1NYHG06D44JUB,B0002F7K7Y,5
AMEZJVXMSEPY0,B0002F7K7Y,5
A3NTAQ473SV08U,B0002F7K7Y,4
A1GXG8FTXEA72D,B0002F7K7Y,4
A1BTNPMESS99PL,B0002F7K7Y,4
A2FZ4Z0UFA1OR8,B0002F7K7Y,5
A3H4PZB9PGMWAA,B0002F7K7Y,5
A3R8XCQYDNQIAA,B0002F7K7Y,5
A27H0T39U3FZB5,B0002F7K7Y,5
A3RHT4KI3H5TVH,B0002F7K7Y,5
A1JOANG98KBFKU,B0002F7K7Y,4
A16Z3HTUIYPDH8,B0002F7K7Y,5
A2XL6TZM34HFV3,B0002F7K7Y,5
A3D42ZX96FA6EW,B0002F7K7Y,4
AKYDGCKCY7H9F,B0002F7K7Y,5
A2PBMCBT1R8TTL,B0002F7K7Y,5
A19NGYCQ1NCF3W,B0002F7K7Y,5
A27GPJSZDRQ1ZW,B0002F7K7Y,5
A23AKO4BZLZ8DE,B0002F7K7Y,5
A217QN6PDMKS1A,B0002F7K7Y,5
A2O52ICJCRQYVK,B0002F7K7Y,5
A136IQFGB01KQB,B0002F7K7Y,5
A3ITN3125FJETP,B0002F7K7Y,5
AKAVVQMXSAIGX,B0002F7K7Y,5
A102MU6ZC9H1N6,B0002F7K7Y,4
A70NFM6KHU24F,B0002F7K7Y,5
A1MAQQXJZTMSKT,B0002F7K7Y,5
AXJ19189TLBLJ,B0002F7K7Y,5
A1EVEQAR05SY7L,B0002F7K7Y,5
A2T8JRVJRVNX8R,B0002GJ6FC,5
A1NNBJRXPIDA12,B0002GJ6FC,3
A1MVH1WLYDHZ49,B0002GJ6FC,4
A34O0KQV4QXWNQ,B0002GJ6FC,5
AZJPNK73JF3XP,B0002GJ6FC,4
A355HGZDEPHHC5,B0002GJ6FC,5
A21Q29J3ZWPDNP,B0002GJ6FC,3
A1U3T27RHRIDYN,B0002GJ6FC,5
A3IY9JZZ36OQSV,B0002GJ6FC,5
A2D0F87RY5YMHN,B0002GJ6FC,5
A15WZCSME5X74S,B0002GJ6FC,5
A3PGQWCSJPCYDH,B0002GJ6FC,3
ANQ4OCX36QPYE,B0002GJ6FC,4
A2BZQNBV8UDZ2C,B0002GJ6FC,5
AM9EL9YBP070A,B0002GJ6FC,4
A2R7B3MUR22USI,B0002GLCRC,4
A31JRW1DW3SZ2K,B0002GLCRC,3
A3OXHLG6DIBRW8,B0002GLCRC,5
A34QHL6I85K3V5,B0002GLCRC,5
A11INIL2YFJ137,B0002GLCRC,5
A33MGQKBDNNC1T,B0002GLCRC,5
A1L7M2JXN4EZCR,B0002GLCRC,5
A15TYOEWBQYF0X,B0002GLCRC,5
A1HPC4BDRLR60,B0002GLCRC,5
A2HOCLQPNXGCB1,B0002GLCRC,4
A3AOPVQ7EZHTWA,B0002GLCRC,4
A32H7YO8K1XS9E,B0002GLCRC,5
A24VCDADYAIHAM,B0002GLCRC,5
A2IN5BKM9IQT6Z,B0002GLCRC,5
A1GM034H7XPDEW,B0002GLCRC,5
A3PB1FI3R9V7PY,B0002GLCRC,5
A2Y7BSQG9V3LNG,B0002GLCRC,3
A87NFCCTUG4PO,B0002GLCRC,4
A2ZGEV4CTSCTIZ,B0002GLCRC,5
A2PTJ004ZPRVHX,B0002GLCRC,5
A2J4UAF6RW13WK,B0002GLCRC,5
ALUTHT4U058KZ,B0002GLCRC,5
A3MKGUUWT9OOY6,B0002GLCRC,5
A29B4PAIOL7HYG,B0002GLCRC,5
A46D3MTB5LIUY,B0002GLCRC,5
A3W2EOWTZVIGC9,B0002GLCRC,5
A29GXZXORG2DS0,B0002GLCRC,5
A2542JORVF514Q,B0002GLCRC,4
A1HJ1H7EIPFBRK,B0002GLCRC,5
ALVO1A5UB8DG0,B0002GLCRC,5
A2B78RXJ2PB6ZD,B0002GLCRC,5
AO6GZPDXYW5DL,B0002GLCRC,5
AJK15Q9JOEHRH,B0002GLDQM,4
A2SBZZ1HSR7WSP,B0002GLDQM,5
A1XL4YLORJ5IBS,B0002GLDQM,1
A13IKQCJKFAP5S,B0002GLDQM,5
A26SN2CVQM4FKM,B0002GLDQM,5
A21DER2RMJIDX7,B0002GLDQM,5
A1EUO0BU72JR7T,B0002GLDQM,3
A2AJKYCZ1WC4UP,B0002GLDQM,5
A3OXHLG6DIBRW8,B0002GLDQM,4
AUOGMXLRRLVE1,B0002GLDQM,4
AG3PVU7DCXZTK,B0002GLDQM,3
A3A6H8SFKSO9ZC,B0002GLDQM,5
A15TYOEWBQYF0X,B0002GLDQM,5
A1WQNVR4H66YX9,B0002GLDQM,3
A2CJVLER896Q7L,B0002GLDQM,5
A1DX9PS0UN7EHY,B0002GLDQM,5
A18X5X3Y5JDWY2,B0002GLDQM,5
A2IMQNWFXAQQJ6,B0002GLDQM,4
A3923UGIPX0QQM,B0002GLDQM,4
A5RJ7TM82RH0I,B0002GLDQM,5
A30GZDBGNP2366,B0002GLDQM,3
A2Y4KXTXDM8OX0,B0002GLDQM,5
A1CL807EOUPVP1,B0002GLDQM,5
A3AZ44SMA0QNW7,B0002GLDQM,3
A2UYE434RFINE,B0002GLDQM,3
A3KCR3MWWKM7C1,B0002GLDQM,5
A21WZ0YAMX0NLE,B0002GLDQM,5
A6Y029E0JUFQ1,B0002GLDQM,5
A1IB42LRNA9QLW,B0002GLDQM,5
A342XAA3YXGKT9,B0002GLDQM,4
A3TA1UJWRJF9NC,B0002GLDQM,5
A5MC7LP0ZBO4Q,B0002GLDQM,5
A2PTJ004ZPRVHX,B0002GLDQM,5
A149F91FB9WTW6,B0002GLDQM,5
A15WZCSME5X74S,B0002GLDQM,5
A52GGV55KT8AV,B0002GLDQM,5
A1UKMEC156SHOD,B0002GLDQM,5
A2J4UAF6RW13WK,B0002GLDQM,5
AE9C0UNXBV8CB,B0002GLDQM,5
A3HH340REI4J47,B0002GLDQM,5
A4XWMOFB1HY04,B0002GLDQM,5
A1K2VGY3VJ6XI0,B0002GLDQM,5
A2CA4YBYSETM02,B0002GLDQM,5
A2FZ4Z0UFA1OR8,B0002GLDQM,5
A3H4PZB9PGMWAA,B0002GLDQM,2
A1IDPIC36H49JX,B0002GLDQM,5
A1NRNLEASOU773,B0002GLDQM,5
A34AJKMVLJCOSI,B0002GLDQM,5
A5O3ZBCOLILKQ,B0002GLDQM,3
A3ADSZR7QAQ5U,B0002GLDQM,4
A3GSQE0LXPG9YF,B0002GLDQM,5
AOINAOO0NQRGN,B0002GLDQM,4
A2SKZZZBV1XYWP,B0002GLDQM,5
A109G0M7CBXIVW,B0002GLDQM,5
ALVO1A5UB8DG0,B0002GLDQM,5
A3NKSY3I0UW3KK,B0002GLDQM,5
A6VXZ1EEPRTLV,B0002GLDQM,4
A18MMME07XZLYO,B0002GLDQM,5
AETQIN7OH0RL9,B0002GMGYA,5
AROOYR32BS1VL,B0002GMGYA,5
A1EUO0BU72JR7T,B0002GMGYA,5
A1S7QABO64Z554,B0002GMGYA,5
A1UPZM995ZAH90,B0002GMGYA,5
A3HCK3UXD6WS4G,B0002GMGYA,4
A3PL8ENSYWS1PZ,B0002GMGYA,5
A1L7M2JXN4EZCR,B0002GMGYA,5
A1HPC4BDRLR60,B0002GMGYA,5
ALB04NLERUCYC,B0002GMGYA,4
A1B9TIERY43Q8H,B0002GMGYA,5
A1MH7LD4Y203Q5,B0002GMGYA,5
A1SD1C8XK3Z3V1,B0002GMGYA,5
ASGRCZLCNBELE,B0002GMGYA,5
AHF7SNSZPRNCE,B0002GMGYA,1
A14VAT5EAX3D9S,B0002GMGYA,5
A3MDQTWO6NOV1U,B0002GMGYA,4
AMVC9WTXYKNJ1,B0002GMGYA,4
A3NI8JZCL7BZMC,B0002GMGYA,4
A1NAA1R38JSNHV,B0002GMGYA,5
AO7WPPUO75BBK,B0002GMGYA,5
A3B4L653KYTW55,B0002GMGYA,5
A781ITP3HE2N5,B0002GMGYA,5
A1KO6FM2PGCYC8,B0002GMGYA,3
A2NYK9KWFMJV4Y,B0002GMGYA,5
A24JUT24W1K3CV,B0002GMGYA,5
A2QPZKGUDE7RJ4,B0002GMGYA,5
A1XL7R4E5WXCXD,B0002GMGYA,1
A1W228ES4U9GDQ,B0002GMGYA,5
A2XB18IXOKUV82,B0002GMGYA,5
A3H4PZB9PGMWAA,B0002GMGYA,5
A2XL6TZM34HFV3,B0002GMGYA,5
A1MAQQXJZTMSKT,B0002GMGYA,4
A2C6Z7M3RMUG45,B0002GMGYA,5
A19AXCVXAM7NM2,B0002GMGYA,5
A1EVEQAR05SY7L,B0002GMGYA,5
AEUG4DYQZJ64Z,B0002GMGYA,5
AOHR2Q90UXF23,B0002GW3Y8,4
A1MVH1WLYDHZ49,B0002GW3Y8,5
A3HCK3UXD6WS4G,B0002GW3Y8,5
A3GAP455S8YH0M,B0002GW3Y8,5
A3IY9JZZ36OQSV,B0002GW3Y8,5
A2PN3GY7I3EKC1,B0002GW3Y8,5
A14FMSW73W220M,B0002GW3Y8,4
ALA9EIJ7G1SCF,B0002GW3Y8,5
A1LI9W7A0CYOHV,B0002GW3Y8,4
A2Z89YMZZJWBHS,B0002GW3Y8,5
A1SCWHXAB2ZK7N,B0002GWFEQ,5
A21DER2RMJIDX7,B0002GWFEQ,5
A1NNBJRXPIDA12,B0002GWFEQ,5
A30OMDH831R3K3,B0002GWFEQ,5
A2FCEH4VOA71GU,B0002GWFEQ,4
ACXJSNO821XUG,B0002GWFEQ,5
A35QFQI0M46LWO,B0002GWFEQ,5
A23TVX8RSX74Q7,B0002GWFEQ,2
A3IICSS30MRX9M,B0002GWFEQ,5
A18X90KMZ6KZ3H,B0002GWFEQ,5
AHF7SNSZPRNCE,B0002GWFEQ,5
A1N82BBPB5816P,B0002GWFEQ,4
A2GA2GM4LWESIC,B0002GWFEQ,5
A3GAP455S8YH0M,B0002GWFEQ,5
A27KQGXAU8Z7OT,B0002GWFEQ,5
A342XAA3YXGKT9,B0002GWFEQ,5
A2M93TVNC93C3P,B0002GWFEQ,5
A2PX3NR1IVTXPG,B0002GWFEQ,5
A35CRCL7WVUCYG,B0002GWFEQ,5
A1MCMSRNN2AS1F,B0002GWFEQ,5
A2PP4G3DLGDD4T,B0002GWFEQ,5
A13YYR53R5K32S,B0002GWFEQ,5
ALVO1A5UB8DG0,B0002GWFEQ,5
AKAVVQMXSAIGX,B0002GWFEQ,5
A3HKZSCGFU9T2A,B0002GWFEQ,4
A18RGYRCEN181M,B0002GWFEQ,5
A1VOONTYYM0SDA,B0002GWFEQ,5
ATSVUBE2115N1,B0002GXF8Q,5
AJK15Q9JOEHRH,B0002GXF8Q,5
A13IKQCJKFAP5S,B0002GXF8Q,5
A2BRKLV7FQ1HVS,B0002GXF8Q,5
A1LS2UXHG1BYRG,B0002GXF8Q,5
ABZYVME9NYCQG,B0002GXF8Q,4
A00625243BI8W1SSZNLMD,B0002GXF8Q,4
A1MI9FDCNB3CMR,B0002GXF8Q,1
A1NAA1R38JSNHV,B0002GXF8Q,5
A2D0F87RY5YMHN,B0002GXF8Q,4
A3PGVJF37JSHFO,B0002GXF8Q,5
A2X68NVO0SGCMC,B0002GXF8Q,3
A2J4GBHSDLP4DF,B0002GXF8Q,4
A1DLZY0L0J4YZF,B0002GXF8Q,5
ACXJSNO821XUG,B0002GXZK4,5
AG3PVU7DCXZTK,B0002GXZK4,5
A1LQC225SE8UNI,B0002GXZK4,4
A3UZITVEOSRRHD,B0002GXZK4,5
A2K5JT08E0WTWR,B0002GXZK4,5
AEWYUPCNDV7HY,B0002GXZK4,5
A3MKGUUWT9OOY6,B0002GXZK4,4
A195TE92PMQTJ5,B0002GXZK4,4
A2TZAS3A5WIUJQ,B0002GXZK4,5
A2PD27UKAD3Q00,B0002GXZK4,5
AEUG4DYQZJ64Z,B0002GXZK4,3
A1WSFFFG0SL1XJ,B0002GXZK4,5
A1EUO0BU72JR7T,B0002GYW4C,5
A2GC5JELY3N07V,B0002GYW4C,5
ATJQOAUHB5XB8,B0002GYW4C,5
A1MVH1WLYDHZ49,B0002GYW4C,4
A2PDPIVN721PZ7,B0002GYW4C,3
A11INIL2YFJ137,B0002GYW4C,5
A34EGGJLO553D8,B0002GYW4C,5
A3MTR7P9PYAALX,B0002GYW4C,1
A34O0KQV4QXWNQ,B0002GYW4C,5
A1VFUMY02HJIFY,B0002GYW4C,5
ANQRGI79HHJPQ,B0002GYW4C,5
A3MMISYL1GBXH4,B0002GYW4C,3
A28BZXY96N6F43,B0002GYW4C,5
A19WXFFQMKES6O,B0002GYW4C,5
A2Z548GT5948WH,B0002GYW4C,2
A3TA1UJWRJF9NC,B0002GYW4C,5
A1PSMEIYGQVP8P,B0002GYW4C,5
A1GMWTGXW682GB,B0002GYW4C,5
A1WD8RFNIGRPDH,B0002GYW4C,5
A3PGVJF37JSHFO,B0002GYW4C,4
A16Z3HTUIYPDH8,B0002GYW4C,5
A2XD36ONYLNU5J,B0002GYW4C,5
A109G0M7CBXIVW,B0002GYW4C,5
A3NMQFWLXPP8EV,B0002GYW4C,5
A3HKZSCGFU9T2A,B0002GYW4C,4
A202CZ4PJH83G4,B0002GYW4C,5
A2C46HQIZLYJUC,B0002GYW4C,5
A3E0CF25A7LD2,B0002GYW4C,3
A2E3Q52SJS00K2,B0002GYW4C,5
A2QEH1K92PBWMQ,B0002GZBLU,5
A1MVH1WLYDHZ49,B0002GZBLU,5
A1LQC225SE8UNI,B0002GZBLU,4
A3KZ3Y88P6CAMA,B0002GZBLU,5
A19IFF0DGV0T3E,B0002GZBLU,5
A2M8T1A4O0GS72,B0002GZBLU,5
A9P4Q7KX35RS2,B0002GZBLU,5
AUH2DKYUU7KC9,B0002GZBLU,4
A2PN3GY7I3EKC1,B0002GZBLU,5
A13T4T3QOSII3I,B0002GZBLU,5
A1NRNLEASOU773,B0002GZBLU,5
A2BZQNBV8UDZ2C,B0002GZBLU,5
A4BTCECGQAIUI,B0002GZM00,4
A1WJVU9KICHFI,B0002GZM00,4
A2IBPI20UZIR0U,B0002GZM00,5
A1L7M2JXN4EZCR,B0002GZM00,4
A3923UGIPX0QQM,B0002GZM00,4
A1CCHLFAYJ21PB,B0002GZM00,5
A1DVUFG2QSJ6IK,B0002GZM00,5
A1SD1C8XK3Z3V1,B0002GZM00,5
AJBBU53A0X84I,B0002GZM00,5
A1N06X05VZWO5Y,B0002GZM00,5
A87NFCCTUG4PO,B0002GZM00,5
A3RNEUUWTA78QR,B0002GZM00,5
A1IB42LRNA9QLW,B0002GZM00,5
A1W228ES4U9GDQ,B0002GZM00,5
A3D42ZX96FA6EW,B0002GZM00,5
A3ITN3125FJETP,B0002GZM00,5
A32ZC1AIF9B85,B0002GZM00,5
A31B0LYT2C92SN,B0002GZM00,5
A19AXCVXAM7NM2,B0002GZM00,5
A14BICJ93WO926,B0002H04NE,5
A1LQC225SE8UNI,B0002H04NE,5
AMVC9WTXYKNJ1,B0002H04NE,4
A9P4Q7KX35RS2,B0002H04NE,5
A13T4T3QOSII3I,B0002H04NE,5
A3RHT4KI3H5TVH,B0002H04NE,5
A3D42ZX96FA6EW,B0002H04NE,3
A2BZQNBV8UDZ2C,B0002H04NE,5
A2F92AOWTIUIB,B0002H04NE,2
A1MAQQXJZTMSKT,B0002H04NE,4
A3EZEP0FX5BC1P,B0002H0A3S,5
A14BICJ93WO926,B0002H0A3S,5
A1SCWHXAB2ZK7N,B0002H0A3S,5
A12SSZIN555FTL,B0002H0A3S,2
A2FIYXK97CTS6D,B0002H0A3S,5
A165EMA3YTIM6A,B0002H0A3S,4
A2FC9LNES7BVOJ,B0002H0A3S,4
A20HEID734XSTW,B0002H0A3S,5
A2B5LSF5V85SZA,B0002H0A3S,5
AB39UO500J4EP,B0002H0A3S,5
A2FCEH4VOA71GU,B0002H0A3S,4
A3OXHLG6DIBRW8,B0002H0A3S,5
ACXJSNO821XUG,B0002H0A3S,5
A35QFQI0M46LWO,B0002H0A3S,5
A1LQC225SE8UNI,B0002H0A3S,5
A15TYOEWBQYF0X,B0002H0A3S,5
A1VFUMY02HJIFY,B0002H0A3S,5
A220FPH51LXEFR,B0002H0A3S,4
AZJPNK73JF3XP,B0002H0A3S,5
A3G6P4SJ8SYH9F,B0002H0A3S,5
A355HGZDEPHHC5,B0002H0A3S,5
A37A41GWQFMK3D,B0002H0A3S,4
AKHWZ3S1UVZAO,B0002H0A3S,4
A2F26OVBDC7WWA,B0002H0A3S,5
A3APKXMNJAEDQM,B0002H0A3S,5
A2Y7BSQG9V3LNG,B0002H0A3S,5
A3FBE4WF5KQRR1,B0002H0A3S,5
AGW1JFTQNX7SZ,B0002H0A3S,4
A2GA2GM4LWESIC,B0002H0A3S,5
A3G5BIFX6VS1OP,B0002H0A3S,5
A3SDJ70H00OQCJ,B0002H0A3S,5
A19WXFFQMKES6O,B0002H0A3S,2
A1CKZGG8OQ2DTS,B0002H0A3S,5
A87NFCCTUG4PO,B0002H0A3S,5
A1HZRYGGNMOWRQ,B0002H0A3S,5
A1NAA1R38JSNHV,B0002H0A3S,5
A3VG7F7SZUK87S,B0002H0A3S,4
A19SEZVIVAMGVZ,B0002H0A3S,5
ADOSJR623FDF1,B0002H0A3S,5
A3QPN05Y1OUX32,B0002H0A3S,5
AFUXETAHFUXFE,B0002H0A3S,5
A1NOELD0FUS78X,B0002H0A3S,4
A2053ZJUGCKUA5,B0002H0A3S,5
A1YA2BPU7CVNJD,B0002H0A3S,4
A5MC7LP0ZBO4Q,B0002H0A3S,5
A2D0F87RY5YMHN,B0002H0A3S,5
A149F91FB9WTW6,B0002H0A3S,5
A1IQB6UF5L422C,B0002H0A3S,5
A2CARFAX5FNQT9,B0002H0A3S,4
A52GGV55KT8AV,B0002H0A3S,5
A2PFX6WO88KTYB,B0002H0A3S,4
A36PFVYT15GZC2,B0002H0A3S,5
A2T2SAJS88MYU4,B0002H0A3S,5
A46D3MTB5LIUY,B0002H0A3S,5
A3NS4AQ9Y7UWRL,B0002H0A3S,5
A2NGD7NSBWLNJ0,B0002H0A3S,5
A1CF9IF5FWYNU0,B0002H0A3S,5
A195TE92PMQTJ5,B0002H0A3S,5
AB0XOMFCYELCK,B0002H0A3S,5
A36P367G4ZH6Z0,B0002H0A3S,5
A1HJ1H7EIPFBRK,B0002H0A3S,5
A1UMOYYM8HB2A1,B0002H0A3S,5
A2SKZZZBV1XYWP,B0002H0A3S,5
AKAVVQMXSAIGX,B0002H0A3S,5
A3HKZSCGFU9T2A,B0002H0A3S,4
A2OUJTI80VZ0AH,B0002H0A3S,5
A1GOLQ90G6MHK6,B0002H0A3S,5
AMP0Z3DR4RCH7,B0002H0A3S,3
AI45J5737CUGY,B0002H0A3S,5
ALHC64J88LVWO,B0002H0A3S,5
A18MMME07XZLYO,B0002H0A3S,5
A394SBIRC4A8S9,B0002H0A3S,5
A3QTFLU2ZWH7WS,B0002H0FMO,5
A1S7QABO64Z554,B0002H0FMO,4
A3HCK3UXD6WS4G,B0002H0FMO,4
A1BH17V8BKLES,B0002H0FMO,5
A1LQC225SE8UNI,B0002H0FMO,5
A10EYK3699YT9F,B0002H0FMO,4
A356YVTEMDX69J,B0002H0FMO,5
A4M7GUJ0MKZD4,B0002H0FMO,5
AKYDGCKCY7H9F,B0002H0FMO,5
A181TIQPGSTYH6,B0002H0FMO,5
A4BTCECGQAIUI,B0002IHFVM,3
AROOYR32BS1VL,B0002IHFVM,5
A2FIYXK97CTS6D,B0002IHFVM,2
A1WJVU9KICHFI,B0002IHFVM,4
A36IOSZXG6HQAU,B0002IHFVM,5
ACXJSNO821XUG,B0002IHFVM,5
AXG9N4QFS4QYP,B0002IHFVM,3
A13TTA3W745OFP,B0002IHFVM,5
A15TYOEWBQYF0X,B0002IHFVM,5
A1HPC4BDRLR60,B0002IHFVM,5
AMGUVF20JAOG8,B0002IHFVM,5
A1DVUFG2QSJ6IK,B0002IHFVM,5
A39KDVU5JAXJIF,B0002IHFVM,5
ASGRCZLCNBELE,B0002IHFVM,5
A00338543M2OZPUWO9ZRU,B0002IHFVM,5
AWN6DAI88TD4Y,B0002IHFVM,4
A1U3T27RHRIDYN,B0002IHFVM,5
A3MDQTWO6NOV1U,B0002IHFVM,4
A35JPJHGOSPZX9,B0002IHFVM,3
ADOSJR623FDF1,B0002IHFVM,4
A3TA1UJWRJF9NC,B0002IHFVM,5
A1TSKKBNV38E8Y,B0002IHFVM,1
A3CMXRFIWQCBKQ,B0002IHFVM,5
A1YA2BPU7CVNJD,B0002IHFVM,4
A1LY5SSCQTO7PY,B0002IHFVM,3
A2MPM6M93OXIJT,B0002IHFVM,4
A2LBHMQ3142G3S,B0002IHFVM,5
A2VGVG7IFBRSML,B0002IHFVM,3
ALUTHT4U058KZ,B0002IHFVM,4
A4XWMOFB1HY04,B0002IHFVM,4
A1GXG8FTXEA72D,B0002IHFVM,5
A29DX6G7W3PH43,B0002IHFVM,4
A1S8R9OAIQT7YI,B0002IHFVM,2
A3H4PZB9PGMWAA,B0002IHFVM,3
A5EPN0VVF9EHZ,B0002IHFVM,5
A3DCG2MNPR4BW,B0002IHFVM,5
A3NEBPGRQ9IAM,B0002IHFVM,5
A2NGD7NSBWLNJ0,B0002IHFVM,5
AVDW3OAVWWE05,B0002IHFVM,5
A18XPD5BM4U6B1,B0002IHFVM,5
A2B78RXJ2PB6ZD,B0002IHFVM,3
A1MAQQXJZTMSKT,B0002IHFVM,5
A1VOONTYYM0SDA,B0002IHFVM,4
ATSVUBE2115N1,B0002KZAKS,5
A13IKQCJKFAP5S,B0002KZAKS,5
AJCHGS1GND4OA,B0002KZAKS,5
ADRAB7F3AI7OL,B0002KZAKS,4
A18X90KMZ6KZ3H,B0002KZAKS,5
A1HZRYGGNMOWRQ,B0002KZAKS,4
A1NAA1R38JSNHV,B0002KZAKS,5
A34LQ791ACZ0JC,B0002KZAKS,5
AJGIN15VFGXBG,B0002KZAKS,2
A3D42ZX96FA6EW,B0002KZAKS,5
AOINAOO0NQRGN,B0002KZAKS,5
A2J4GBHSDLP4DF,B0002KZAKS,5
AASCUHX7YUC6M,B0002KZE7C,5
A1LQC225SE8UNI,B0002KZE7C,5
A15TYOEWBQYF0X,B0002KZE7C,5
A1VAUZRF5PUSOZ,B0002KZE7C,5
A2Y8JW5NSY95OL,B0002KZE7C,1
A12O5B8XNKNBOL,B0002KZE7C,5
ASEBPAY8IBNI2,B0002KZE7C,4
A1AWXXBQRQN13I,B0002KZE7C,5
AZE83O4F1IJPR,B0002KZE7C,5
A781ITP3HE2N5,B0002KZE7C,4
A3D0PD45BHLXFX,B0002KZE7C,4
A330W6L217G0U6,B0002KZE7C,5
A36P367G4ZH6Z0,B0002KZE7C,5
A136IQFGB01KQB,B0002KZE7C,1
AENULRBQ2IE5I,B0002KZE7C,5
A34O0KQV4QXWNQ,B0002KZIVY,2
A2YQTEPCGZ5N7J,B0002KZIVY,3
AMGUVF20JAOG8,B0002KZIVY,5
A2IMZNPSJGB2HQ,B0002KZIVY,5
A15N5RY4YGRQRQ,B0002KZIVY,5
AF331KJH45RIH,B0002KZIVY,5
A14FMSW73W220M,B0002KZIVY,5
A36P367G4ZH6Z0,B0002KZIVY,5
A136IQFGB01KQB,B0002KZIVY,1
A31B0LYT2C92SN,B0002KZIVY,5
AENULRBQ2IE5I,B0002KZIVY,4
A3RDS0DJ5EJGA7,B0002M3OVI,5
A17IU5NX3UC84G,B0002M3OVI,3
A1J9HY0AG5676,B0002M3OVI,4
A1L7M2JXN4EZCR,B0002M3OVI,4
A1AU5K3JMPS3UQ,B0002M3OVI,5
A3E7O9NSS47TE8,B0002M3OVI,5
A3RNEUUWTA78QR,B0002M3OVI,4
A11E4FWMN9BXJD,B0002M3OVI,4
A1E5FQZTUM8OC1,B0002M3OVI,5
A1G24ZYOU6FVST,B0002M3OVI,5
A1KO6FM2PGCYC8,B0002M3OVI,5
A2WYF4POBUXL2O,B0002M3OVI,5
A3TBMAWIIHKHFN,B0002M3OVI,4
A1YIGDWVHNNTMU,B0002M6B2M,4
A3QTFLU2ZWH7WS,B0002M6B2M,5
A23TVX8RSX74Q7,B0002M6B2M,5
AZMIKIG4BB6BZ,B0002M6B2M,5
A37A41GWQFMK3D,B0002M6B2M,3
A35LD9QOJ5KDMC,B0002M6B2M,4
A2E2CJWPL1YMAR,B0002M6B2M,5
AZXS6P5QWNMLC,B0002M6B2M,4
A214MI77WXVK9Q,B0002M6B2M,4
A2053ZJUGCKUA5,B0002M6B2M,5
A1GMWTGXW682GB,B0002M6B2M,5
A10EYK3699YT9F,B0002M6B2M,4
A3LOJ2QHXITCF7,B0002M6B2M,3
A1QRF5KISDOKPA,B0002M6B2M,5
A27YVE2HVG32Y3,B0002M6B2M,5
A2HWUC980HM1NP,B0002M6B2M,4
A1UI4WTBYHYUGD,B0002M6CVC,5
ASYHYW0USZVN6,B0002M6CVC,5
A14BICJ93WO926,B0002M6CVC,4
A4BTCECGQAIUI,B0002M6CVC,4
A1BH17V8BKLES,B0002M6CVC,5
AZMIKIG4BB6BZ,B0002M6CVC,5
A2KXINV90T91L8,B0002M6CVC,5
A15TYOEWBQYF0X,B0002M6CVC,5
A37A41GWQFMK3D,B0002M6CVC,5
A2MVPY9XVYST9H,B0002M6CVC,5
ALB04NLERUCYC,B0002M6CVC,5
A1CCHLFAYJ21PB,B0002M6CVC,5
A2IC4MEKF2Y6IF,B0002M6CVC,5
A2RIQKV4OOXME1,B0002M6CVC,4
AS421KUEDNJ5V,B0002M6CVC,5
AITXZ1QOILJ5Z,B0002M6CVC,4
A2PTJ004ZPRVHX,B0002M6CVC,5
A781ITP3HE2N5,B0002M6CVC,5
ALUTHT4U058KZ,B0002M6CVC,5
A3RPDN9247BQHK,B0002M6CVC,5
A1S8R9OAIQT7YI,B0002M6CVC,5
A3NGAQKJ6X088B,B0002M6CVC,5
A16Z3HTUIYPDH8,B0002M6CVC,5
A35XRT4BW4I6UD,B0002M6CVC,5
AFBETARDFURG,B0002M6CVC,5
A36P367G4ZH6Z0,B0002M6CVC,4
A1L2S18BTJE1BZ,B0002M6CVC,5
ADH0O8UVJOT10,B0002M6CVC,5
A3ITN3125FJETP,B0002M6CVC,5
A102MU6ZC9H1N6,B0002M6CVC,5
A2SNKWR5D203ZX,B0002M6CVC,5
A2B78RXJ2PB6ZD,B0002M6CVC,5
A3VPJNX40SBP1M,B0002M6CVC,5
A32ZC1AIF9B85,B0002M6CVC,5
A1BD73IAW04XMZ,B0002M6CVC,5
A1YIGDWVHNNTMU,B0002M6CW6,5
A2WNBESAB2IZOB,B0002M6CW6,5
A26SN2CVQM4FKM,B0002M6CW6,4
A3KZ3Y88P6CAMA,B0002M6CW6,5
A26GUM1C5M1E51,B0002M6CW6,5
A21WZ0YAMX0NLE,B0002M6CW6,5
AG1ZYSLKQCLMD,B0002M6CW6,4
A1NOELD0FUS78X,B0002M6CW6,5
A2PFX6WO88KTYB,B0002M6CW6,5
A1W228ES4U9GDQ,B0002M6CW6,5
A3H4PZB9PGMWAA,B0002M6CW6,5
ALA9EIJ7G1SCF,B0002M6CW6,5
AWQQ1QHCECDJ3,B0002M6CW6,4
A2BZQNBV8UDZ2C,B0002M6CW6,5
A2XD36ONYLNU5J,B0002M6CW6,5
AVDW3OAVWWE05,B0002M6CW6,3
A2F92AOWTIUIB,B0002M6CW6,3
AEUG4DYQZJ64Z,B0002M6CW6,4
A37KK1CLMULHE4,B0002M6CW6,5
A4BTCECGQAIUI,B0002OOMU8,3
AXWEQHTXQWR7Q,B0002OOMU8,5
A26SN2CVQM4FKM,B0002OOMU8,4
A2CCGGDGZ694CT,B0002OOMU8,5
A2U4KTDIVI8KMR,B0002OOMU8,5
A1MVH1WLYDHZ49,B0002OOMU8,4
A280VP2CL6ZFZZ,B0002OOMU8,5
A3PL8ENSYWS1PZ,B0002OOMU8,5
AXG9N4QFS4QYP,B0002OOMU8,4
A34O0KQV4QXWNQ,B0002OOMU8,5
A15TYOEWBQYF0X,B0002OOMU8,3
A1NPG8GYIXYIVY,B0002OOMU8,4
AYQ46BHSK99YV,B0002OOMU8,5
ANQRGI79HHJPQ,B0002OOMU8,4
A18X5X3Y5JDWY2,B0002OOMU8,5
A1DVUFG2QSJ6IK,B0002OOMU8,5
A1N82BBPB5816P,B0002OOMU8,4
A3JXFUXN03IUT5,B0002OOMU8,5
A21WZ0YAMX0NLE,B0002OOMU8,4
A6Y029E0JUFQ1,B0002OOMU8,5
A1IB42LRNA9QLW,B0002OOMU8,1
A1N46MR82AUE4T,B0002OOMU8,5
AVQEN2UAO4UU2,B0002OOMU8,5
A3CMXRFIWQCBKQ,B0002OOMU8,5
APQTAELJ74I07,B0002OOMU8,5
A2M93TVNC93C3P,B0002OOMU8,5
A35TOWOEC91M2K,B0002OOMU8,5
A15WZCSME5X74S,B0002OOMU8,4
A35CRCL7WVUCYG,B0002OOMU8,5
AD1L3ZHLHB9FD,B0002OOMU8,3
A386KVFXZR6XL8,B0002OOMU8,3
A2QSLD0X2K5QIE,B0002OOMU8,5
A3H4PZB9PGMWAA,B0002OOMU8,5
A34AJKMVLJCOSI,B0002OOMU8,4
A2542JORVF514Q,B0002OOMU8,3
AM67EGOF8ACTY,B0002OOMU8,5
A3HKZSCGFU9T2A,B0002OOMU8,4
A18XPD5BM4U6B1,B0002OOMU8,5
A1HW9DAJBYXGDV,B0002OOMU8,4
AYTKUTAP0VA53,B0002OOMU8,5
AO6GZPDXYW5DL,B0002OOMU8,4
AASCUHX7YUC6M,B0002OOMW6,5
A1MVH1WLYDHZ49,B0002OOMW6,5
AOY459LVUBKLO,B0002OOMW6,5
A34O0KQV4QXWNQ,B0002OOMW6,4
A1KMDDMQEXV0HJ,B0002OOMW6,3
A3I9IGMS9GHW8J,B0002OOMW6,5
A19WXFFQMKES6O,B0002OOMW6,5
A380AI4SNSJTTY,B0002OOMW6,4
A2ZGEV4CTSCTIZ,B0002OOMW6,4
A2J4UAF6RW13WK,B0002OOMW6,5
AE9C0UNXBV8CB,B0002OOMW6,5
A36PFVYT15GZC2,B0002OOMW6,5
A46D3MTB5LIUY,B0002OOMW6,5
A2FAF1J19NO0ID,B0002OOMW6,4
AM9EL9YBP070A,B0002OOMW6,4
A1L7M2JXN4EZCR,B00063678K,5
A28BZXY96N6F43,B00063678K,5
A56EP6FFRH1YT,B00063678K,4
AT09WGFUM934H,B00063678K,5
A1N46MR82AUE4T,B00063678K,5
A34LQ791ACZ0JC,B00063678K,3
A2NYK9KWFMJV4Y,B00063678K,5
A8MQNZK3J0UEX,B00063678K,5
AB0XOMFCYELCK,B00063678K,5
A2F92AOWTIUIB,B00063678K,5
A3NMQFWLXPP8EV,B00063678K,5
A3TBMAWIIHKHFN,B00063678K,5
A1SCWHXAB2ZK7N,B0006NDF8A,5
A4BTCECGQAIUI,B0006NDF8A,2
A2BRKLV7FQ1HVS,B0006NDF8A,5
A1YOLMONF9LIVJ,B0006NDF8A,5
A21DER2RMJIDX7,B0006NDF8A,5
AJCHGS1GND4OA,B0006NDF8A,5
A31JRW1DW3SZ2K,B0006NDF8A,5
A2U4KTDIVI8KMR,B0006NDF8A,2
A2DG65AWX5RJ4J,B0006NDF8A,5
A17IU5NX3UC84G,B0006NDF8A,4
A3OXHLG6DIBRW8,B0006NDF8A,5
AUOGMXLRRLVE1,B0006NDF8A,5
AH0XON4XDOF2C,B0006NDF8A,5
AZCP5P3BARLS5,B0006NDF8A,5
A306YUQBEB2R9T,B0006NDF8A,5
AKT2VSLZHDD81,B0006NDF8A,5
A37A41GWQFMK3D,B0006NDF8A,5
A2CZIZD0RZ566T,B0006NDF8A,5
A1B9TIERY43Q8H,B0006NDF8A,5
A13ZMJGD5E6JAQ,B0006NDF8A,3
A26GUM1C5M1E51,B0006NDF8A,5
A3TM9RWCTMIK42,B0006NDF8A,4
A3QNHDUBMA6WQM,B0006NDF8A,4
AT09WGFUM934H,B0006NDF8A,5
A27JKERUXCM2PB,B0006NDF8A,5
A2Z548GT5948WH,B0006NDF8A,4
A35JPJHGOSPZX9,B0006NDF8A,3
ADOSJR623FDF1,B0006NDF8A,4
A3TA1UJWRJF9NC,B0006NDF8A,5
A28C1QOWR31BQV,B0006NDF8A,4
AMNTZU1YQN1TH,B0006NDF8A,3
A3MYWHYZ30WLQJ,B0006NDF8A,5
A1YA2BPU7CVNJD,B0006NDF8A,5
APQTAELJ74I07,B0006NDF8A,5
A2WYAHJGST6AOT,B0006NDF8A,5
A1YEE541N7TL2A,B0006NDF8A,5
A1VR0GV8LPJYNF,B0006NDF8A,4
A3NTAQ473SV08U,B0006NDF8A,5
A3D0PD45BHLXFX,B0006NDF8A,5
ANQ4OCX36QPYE,B0006NDF8A,4
AOMEH9W6LHC4S,B0006NDF8A,4
A3RHT4KI3H5TVH,B0006NDF8A,5
A25ZBYVW8ZINLM,B0006NDF8A,5
A3O9JAQME0YOB0,B0006NDF8A,5
A2PI00GYZJBR4W,B0006NDF8A,5
A35102AVKNO5JT,B0006NDF8A,4
AOINAOO0NQRGN,B0006NDF8A,5
AB0XOMFCYELCK,B0006NDF8A,5
A10FM4ILBIMJJ7,B0006NDF8A,5
A3HKZSCGFU9T2A,B0006NDF8A,4
A2OUJTI80VZ0AH,B0006NDF8A,5
A2AWJRUEY9IG4B,B0006NDF8A,4
A1MAQQXJZTMSKT,B0006NDF8A,4
A3UQS40N3PW18L,B0006NDF8A,5
A1WSFFFG0SL1XJ,B0006NDF8A,5
A3BZ9EP6SSC9MU,B0006NDF8A,5
A18MMME07XZLYO,B0006NDF8A,5
A3QTFLU2ZWH7WS,B0006ZXFWO,5
A36IOSZXG6HQAU,B0006ZXFWO,5
A32BCTL0HLOXRV,B0006ZXFWO,3
A13TTA3W745OFP,B0006ZXFWO,5
A6A03NM42KUXL,B0006ZXFWO,3
A2M8T1A4O0GS72,B0006ZXFWO,5
A2RIQKV4OOXME1,B0006ZXFWO,5
A149F91FB9WTW6,B0006ZXFWO,2
A3PGQWCSJPCYDH,B0006ZXFWO,1
AUH2DKYUU7KC9,B0006ZXFWO,5
A2542JORVF514Q,B0006ZXFWO,4
A1VOONTYYM0SDA,B0006ZXFWO,4
A1EUO0BU72JR7T,B000960KNW,5
A3IKOEE8Z3T6BH,B000960KNW,5
A6KYDNP84GGGJ,B000960KNW,5
A1SD1C8XK3Z3V1,B000960KNW,5
A3E7O9NSS47TE8,B000960KNW,5
A19IFF0DGV0T3E,B000960KNW,1
A1CKZGG8OQ2DTS,B000960KNW,5
A1GMWTGXW682GB,B000960KNW,5
AD1L3ZHLHB9FD,B000960KNW,5
APN77K8OVE97N,B000960KNW,5
A3W2EOWTZVIGC9,B000960KNW,5
A2RVY2GDMZHH4,B000960KNW,5
A3E0CF25A7LD2,B000960KNW,5
A3H4S6YO9VNGDZ,B000978D58,3
A2G2DXPFZKG48W,B000978D58,5
A3RDS0DJ5EJGA7,B000978D58,5
A1S0NIJ5PDREYV,B000978D58,5
ADRAB7F3AI7OL,B000978D58,5
A1L7M2JXN4EZCR,B000978D58,5
A204ETWOV23HO4,B000978D58,3
A2EWLWNMF65J5X,B000978D58,4
A3KZ3Y88P6CAMA,B000978D58,5
A1AU5K3JMPS3UQ,B000978D58,5
A5RJ7TM82RH0I,B000978D58,5
A1K8E597YAFQQG,B000978D58,5
A3CT7PY4PMIT3S,B000978D58,5
AFUXETAHFUXFE,B000978D58,5
A2D0F87RY5YMHN,B000978D58,5
A2IPU94WKACV06,B000978D58,4
A1UMM894XSEO4F,B000978D58,4
A1KO6FM2PGCYC8,B000978D58,4
A2NYK9KWFMJV4Y,B000978D58,4
A2FZ4Z0UFA1OR8,B000978D58,4
A2XD36ONYLNU5J,B000978D58,5
A2F92AOWTIUIB,B000978D58,4
AMP0Z3DR4RCH7,B000978D58,5
A2WYF4POBUXL2O,B000978D58,5
A3TBMAWIIHKHFN,B000978D58,4
ASYHYW0USZVN6,B0009G1E0K,5
A109JTUZXO61UY,B0009G1E0K,5
AURLBJJP9B2E3,B0009G1E0K,5
AXWEQHTXQWR7Q,B0009G1E0K,5
A13IKQCJKFAP5S,B0009G1E0K,5
A2WNBESAB2IZOB,B0009G1E0K,4
A1YOLMONF9LIVJ,B0009G1E0K,5
A1QIXOP75BS29C,B0009G1E0K,4
A1LS2UXHG1BYRG,B0009G1E0K,1
A2IBPI20UZIR0U,B0009G1E0K,5
AUOGMXLRRLVE1,B0009G1E0K,5
A35QFQI0M46LWO,B0009G1E0K,4
A33MGQKBDNNC1T,B0009G1E0K,5
A1L7M2JXN4EZCR,B0009G1E0K,5
A15TYOEWBQYF0X,B0009G1E0K,5
A3G6P4SJ8SYH9F,B0009G1E0K,5
A2JK2ITE138P7Z,B0009G1E0K,4
A2SREOQJ9OEDLE,B0009G1E0K,5
A2CZIZD0RZ566T,B0009G1E0K,4
A30GZDBGNP2366,B0009G1E0K,3
ALB04NLERUCYC,B0009G1E0K,3
A1B9TIERY43Q8H,B0009G1E0K,4
A2UYE434RFINE,B0009G1E0K,4
A3JXFUXN03IUT5,B0009G1E0K,5
A00625243BI8W1SSZNLMD,B0009G1E0K,5
AJO5UGNMFVDJN,B0009G1E0K,5
A1DZDG9AT98298,B0009G1E0K,4
A2RCCN4KEXZGC8,B0009G1E0K,3
A1QHHS25GI7QAY,B0009G1E0K,2
A3QNHDUBMA6WQM,B0009G1E0K,5
A1HZRYGGNMOWRQ,B0009G1E0K,5
A1YP96MT6W9FTB,B0009G1E0K,5
A1XDIC6OQKYJXW,B0009G1E0K,5
A2EDYSY4M8TESS,B0009G1E0K,5
A214MI77WXVK9Q,B0009G1E0K,4
A51ZM0CYI4KAD,B0009G1E0K,5
A2053ZJUGCKUA5,B0009G1E0K,5
A2Z15UQEUTE3T9,B0009G1E0K,3
A2WYAHJGST6AOT,B0009G1E0K,5
A2DE5UPQJSIPKR,B0009G1E0K,4
A781ITP3HE2N5,B0009G1E0K,4
A3NTAQ473SV08U,B0009G1E0K,5
A3SUC2DJYHUU9Y,B0009G1E0K,5
A29GXZXORG2DS0,B0009G1E0K,3
A3DCG2MNPR4BW,B0009G1E0K,5
A13YYR53R5K32S,B0009G1E0K,4
A35XRT4BW4I6UD,B0009G1E0K,5
A3UXW18DP4WSD6,B0009G1E0K,5
A35102AVKNO5JT,B0009G1E0K,4
A4M7GUJ0MKZD4,B0009G1E0K,5
AVDW3OAVWWE05,B0009G1E0K,5
A23AKO4BZLZ8DE,B0009G1E0K,4
ALVO1A5UB8DG0,B0009G1E0K,5
A6VXZ1EEPRTLV,B0009G1E0K,5
A96NYVUEI7SZ3,B0009G1E0K,5
A2C6Z7M3RMUG45,B0009G1E0K,5
AXJ19189TLBLJ,B0009G1E0K,5
A3SJP0GZNZJ0XE,B0009G1E0K,5
A3BZ9EP6SSC9MU,B0009G1E0K,4
A2U4KTDIVI8KMR,B0009G1KEU,5
A1O7G2PW6LGL0G,B0009G1KEU,5
A2M8T1A4O0GS72,B0009G1KEU,4
A87NFCCTUG4PO,B0009G1KEU,5
A1XDIC6OQKYJXW,B0009G1KEU,4
A2D0F87RY5YMHN,B0009G1KEU,5
A2MPM6M93OXIJT,B0009G1KEU,5
A1JOANG98KBFKU,B0009G1KEU,5
A3BUN5KKKUMUIH,B0009G1KEU,5
A19NGYCQ1NCF3W,B0009G1KEU,5
A18RGYRCEN181M,B0009G1KEU,5
A1WJVU9KICHFI,B000A6ASSS,5
A2GBBFPROUYQQ9,B000A6ASSS,5
AB39UO500J4EP,B000A6ASSS,5
A34QHL6I85K3V5,B000A6ASSS,4
A3A6H8SFKSO9ZC,B000A6ASSS,5
A3EXWV8FNSSFL6,B000A6ASSS,5
A109ME7C09HM2M,B000A6ASSS,5
A2RCCN4KEXZGC8,B000A6ASSS,5
A1YP96MT6W9FTB,B000A6ASSS,5
A2D0F87RY5YMHN,B000A6ASSS,4
A1K2VGY3VJ6XI0,B000A6ASSS,5
A22810LZ1TDWH2,B000A6ASSS,3
A2D91EJR5M0CUP,B000A6ASSS,5
AB8JKS38BK9P,B000A6ASSS,5
A2AWJRUEY9IG4B,B000A6ASSS,5
A32ZC1AIF9B85,B000A6ASSS,5
A394SBIRC4A8S9,B000A6ASSS,4
A2ISZAYDM4Y791,B000B6DHB2,4
A165EMA3YTIM6A,B000B6DHB2,5
A3OXHLG6DIBRW8,B000B6DHB2,5
A3B9P95Z0WXD4Z,B000B6DHB2,5
A39KDVU5JAXJIF,B000B6DHB2,4
A3IDC5FP52KJWJ,B000B6DHB2,5
A3G5BIFX6VS1OP,B000B6DHB2,5
A2D10EN7QQ56GG,B000B6DHB2,1
A13T4T3QOSII3I,B000B6DHB2,5
ALA9EIJ7G1SCF,B000B6DHB2,5
AOINAOO0NQRGN,B000B6DHB2,5
ALHC64J88LVWO,B000B6DHB2,5
ACXJSNO821XUG,B000B6FBA2,5
AUOGMXLRRLVE1,B000B6FBA2,5
ANQRGI79HHJPQ,B000B6FBA2,5
A1MY8258SXRZ8M,B000B6FBA2,4
A121QRWXZIO6UP,B000B6FBA2,5
A2UYE434RFINE,B000B6FBA2,5
A3SDJ70H00OQCJ,B000B6FBA2,5
A1CKZGG8OQ2DTS,B000B6FBA2,5
AO7WPPUO75BBK,B000B6FBA2,5
A8E9VWP5EQH6B,B000B6FBA2,2
A3PGQWCSJPCYDH,B000B6FBA2,3
A4XWMOFB1HY04,B000B6FBA2,5
A2RVY2GDMZHH4,B000B6FBA2,4
AYJJDQQ4EZ5V3,B000B6FBA2,5
A3O9JAQME0YOB0,B000B6FBA2,5
A22810LZ1TDWH2,B000B6FBA2,4
AFBETARDFURG,B000B6FBA2,4
A2SKZZZBV1XYWP,B000B6FBA2,5
A2Z89YMZZJWBHS,B000B6FBA2,2
A3OJG7CAAYTQKU,B000CD1R7K,5
A27WU4E7J23ZS7,B000CD1R7K,5
AOHR2Q90UXF23,B000CD1R7K,5
A2PDPIVN721PZ7,B000CD1R7K,5
A1L7M2JXN4EZCR,B000CD1R7K,5
AOT7OVQHEJV63,B000CD1R7K,5
A24JW33E1DW64K,B000CD1R7K,5
A30GZDBGNP2366,B000CD1R7K,5
A2E2CJWPL1YMAR,B000CD1R7K,5
A2IPU94WKACV06,B000CD1R7K,3
A2PI00GYZJBR4W,B000CD1R7K,5
A3HKZSCGFU9T2A,B000CD1R7K,5
ATJQOAUHB5XB8,B000EEEYCW,5
AKSFZ4G1AXYFC,B000EEEYCW,5
A3UZITVEOSRRHD,B000EEEYCW,5
AYQ46BHSK99YV,B000EEEYCW,5
A1IB42LRNA9QLW,B000EEEYCW,1
A19SEZVIVAMGVZ,B000EEEYCW,5
A3TRV1IG0M1PHK,B000EEEYCW,4
A2LBHMQ3142G3S,B000EEEYCW,5
A2QSLD0X2K5QIE,B000EEEYCW,5
A4M7GUJ0MKZD4,B000EEEYCW,5
AJK15Q9JOEHRH,B000EEJ8IM,4
A4BTCECGQAIUI,B000EEJ8IM,4
A1KMDDMQEXV0HJ,B000EEJ8IM,4
A37A41GWQFMK3D,B000EEJ8IM,5
A3M1PLEYNDEYO8,B000EEJ8IM,5
A3NI8JZCL7BZMC,B000EEJ8IM,5
A3EIML9QZO5NZZ,B000EEJ8IM,5
A2FAF1J19NO0ID,B000EEJ8IM,5
A1HW9DAJBYXGDV,B000EEJ8IM,5
A3SJP0GZNZJ0XE,B000EEJ8IM,1
A2SBZZ1HSR7WSP,B000EELB8W,5
A1EUO0BU72JR7T,B000EELB8W,5
ATJQOAUHB5XB8,B000EELB8W,4
A2IBPI20UZIR0U,B000EELB8W,5
A11INIL2YFJ137,B000EELB8W,5
A1LQC225SE8UNI,B000EELB8W,5
AKT2VSLZHDD81,B000EELB8W,5
A1IJUUNPU7L6LA,B000EELB8W,5
A1MY8258SXRZ8M,B000EELB8W,5
A28BZXY96N6F43,B000EELB8W,5
A34VZEFXQJJ7AT,B000EELB8W,5
A19WXFFQMKES6O,B000EELB8W,5
A3NI8JZCL7BZMC,B000EELB8W,5
A2B3XQ4FCJTKHQ,B000EELB8W,5
A2053ZJUGCKUA5,B000EELB8W,5
A2PTJ004ZPRVHX,B000EELB8W,5
A1PSMEIYGQVP8P,B000EELB8W,5
A2J4UAF6RW13WK,B000EELB8W,5
A2IRI1NFJJJ6MZ,B000EELB8W,4
A2XD36ONYLNU5J,B000EELB8W,5
A109G0M7CBXIVW,B000EELB8W,5
A23AKO4BZLZ8DE,B000EELB8W,5
A3ITN3125FJETP,B000EELB8W,5
AKAVVQMXSAIGX,B000EELB8W,5
A3HKZSCGFU9T2A,B000EELB8W,4
A2FAF1J19NO0ID,B000EELB8W,5
A34O0KQV4QXWNQ,B000EELFI8,3
A1B9Q3SNKI6T5V,B000EELFI8,5
APB6VJX5CNR5C,B000EELFI8,5
A362IZKSMV6MA8,B000EELFI8,4
A6KYDNP84GGGJ,B000EELFI8,5
A1CL807EOUPVP1,B000EELFI8,5
A1365RYO0BLEMI,B000EELFI8,5
A1TSKKBNV38E8Y,B000EELFI8,5
A3TRV1IG0M1PHK,B000EELFI8,1
A15WZCSME5X74S,B000EELFI8,5
A3RHT4KI3H5TVH,B000EELFI8,4
A3FSC2BQQHFXWT,B000L6GD04,5
A1JNV4K56GG94R,B000L6GD04,5
AMGUVF20JAOG8,B000L6GD04,4
APB6VJX5CNR5C,B000L6GD04,5
A2IMZNPSJGB2HQ,B000L6GD04,5
A3A3ZCWP7Z4V4K,B000L6GD04,5
A15N5RY4YGRQRQ,B000L6GD04,5
A3AZ44SMA0QNW7,B000L6GD04,5
AJBBU53A0X84I,B000L6GD04,5
AG1ZYSLKQCLMD,B000L6GD04,5
AF331KJH45RIH,B000L6GD04,5
A15WZCSME5X74S,B000L6GD04,5
A1YEE541N7TL2A,B000L6GD04,5
A3D0PD45BHLXFX,B000L6GD04,5
A330W6L217G0U6,B000L6GD04,5
AWQQ1QHCECDJ3,B000L6GD04,5
A3ITN3125FJETP,B000L6GD04,5
A181TIQPGSTYH6,B000L6GD04,5
AR6CAR106LX2Y,B000L6GD04,5
A3SJP0GZNZJ0XE,B000L6GD04,5
A2G2DXPFZKG48W,B000LQLDM2,4
A3RDS0DJ5EJGA7,B000LQLDM2,5
A17IU5NX3UC84G,B000LQLDM2,2
AKSFZ4G1AXYFC,B000LQLDM2,5
A1L7M2JXN4EZCR,B000LQLDM2,5
A1AU5K3JMPS3UQ,B000LQLDM2,4
A3CT7PY4PMIT3S,B000LQLDM2,5
A11E4FWMN9BXJD,B000LQLDM2,5
A34LQ791ACZ0JC,B000LQLDM2,5
A1G24ZYOU6FVST,B000LQLDM2,5
A3O9JAQME0YOB0,B000LQLDM2,5
AMP0Z3DR4RCH7,B000LQLDM2,5
A2WYF4POBUXL2O,B000LQLDM2,5
A2H8IJVQNF2QCG,B000M23OQ8,4
A2VDGYUTGIOL86,B000M23OQ8,5
A2BRKLV7FQ1HVS,B000M23OQ8,5
AGW4SR1USX8J0,B000M23OQ8,1
A2EZWZ8MBEDOLN,B000M23OQ8,2
A1NPG8GYIXYIVY,B000M23OQ8,5
A3KCR3MWWKM7C1,B000M23OQ8,5
A3UXW18DP4WSD6,B000M23OQ8,5
ACH055GTTIGC9,B000M23OQ8,5
A2TZAS3A5WIUJQ,B000M23OQ8,5
A35HTG0YUEKFGM,B000M23OQ8,5
ATSVUBE2115N1,B000MVYOZY,5
A13IKQCJKFAP5S,B000MVYOZY,5
A1S0NIJ5PDREYV,B000MVYOZY,5
A15TYOEWBQYF0X,B000MVYOZY,5
A30J7WQV0ZNRXG,B000MVYOZY,5
A00625243BI8W1SSZNLMD,B000MVYOZY,5
A1XEX009ZR6WXG,B000MVYOZY,3
A34LQ791ACZ0JC,B000MVYOZY,5
AJGIN15VFGXBG,B000MVYOZY,5
A3ADSZR7QAQ5U,B000MVYOZY,5
A12SSZIN555FTL,B000NJ2TIE,5
A2BRKLV7FQ1HVS,B000NJ2TIE,3
A1S0NIJ5PDREYV,B000NJ2TIE,5
A2JQWSA0GPVSQN,B000NJ2TIE,4
A2RIQKV4OOXME1,B000NJ2TIE,4
A2D0F87RY5YMHN,B000NJ2TIE,5
A396ELNTQDFYPO,B000NJ2TIE,5
A386KVFXZR6XL8,B000NJ2TIE,5
A35XRT4BW4I6UD,B000NJ2TIE,5
A1DLZY0L0J4YZF,B000NJ2TIE,5
A3RDS0DJ5EJGA7,B000OMG0KI,4
A1VFUMY02HJIFY,B000OMG0KI,5
A2GVH4P25TXN8M,B000OMG0KI,5
A3M1PLEYNDEYO8,B000OMG0KI,5
A121QRWXZIO6UP,B000OMG0KI,5
A2GA2GM4LWESIC,B000OMG0KI,5
A3TM9RWCTMIK42,B000OMG0KI,5
A2Z548GT5948WH,B000OMG0KI,5
A1786LAQ18LHDC,B000OMG0KI,5
A29DX6G7W3PH43,B000OMG0KI,5
A8L6Z9U1TCP06,B000OMG0KI,5
A2RVY2GDMZHH4,B000OMG0KI,5
A4BTCECGQAIUI,B000PO30QM,4
A2ISZAYDM4Y791,B000PO30QM,5
A3CUQ8L2S9ZW0H,B000PO30QM,4
A3H4S6YO9VNGDZ,B000PO30QM,5
A13IKQCJKFAP5S,B000PO30QM,5
A3K96R872MUM3D,B000PO30QM,4
A15TYOEWBQYF0X,B000PO30QM,3
AKHWZ3S1UVZAO,B000PO30QM,4
A3IDC5FP52KJWJ,B000PO30QM,5
A1TLMSOE1VRDZI,B000PO30QM,4
A2Y8JW5NSY95OL,B000PO30QM,5
A00625243BI8W1SSZNLMD,B000PO30QM,5
A1DZDG9AT98298,B000PO30QM,5
A214MI77WXVK9Q,B000PO30QM,3
A2053ZJUGCKUA5,B000PO30QM,5
A1LY5SSCQTO7PY,B000PO30QM,3
A1AWXXBQRQN13I,B000PO30QM,5
A1GMWTGXW682GB,B000PO30QM,3
A164BJ2NU1NSJZ,B000PO30QM,5
A3IRXJOT9PY6SE,B000PO30QM,5
A13T4T3QOSII3I,B000PO30QM,5
A25ZBYVW8ZINLM,B000PO30QM,5
A35XRT4BW4I6UD,B000PO30QM,5
AK7X7IXX7WYNJ,B000PO30QM,5
A27GPJSZDRQ1ZW,B000PO30QM,5
A109G0M7CBXIVW,B000PO30QM,5
A23AKO4BZLZ8DE,B000PO30QM,5
A22Z554ZQ8NFPC,B000RNB720,5
AROOYR32BS1VL,B000RNB720,5
A2G2DXPFZKG48W,B000RNB720,5
A1EUO0BU72JR7T,B000RNB720,3
A1MVH1WLYDHZ49,B000RNB720,5
A1JNV4K56GG94R,B000RNB720,5
A2CJVLER896Q7L,B000RNB720,5
A2YQTEPCGZ5N7J,B000RNB720,5
A1IJUUNPU7L6LA,B000RNB720,5
A2T305UHZJ21L1,B000RNB720,5
ALB04NLERUCYC,B000RNB720,5
A3M1PLEYNDEYO8,B000RNB720,5
A2M8T1A4O0GS72,B000RNB720,5
A3AZ44SMA0QNW7,B000RNB720,5
AN4YGJYOAFE06,B000RNB720,5
A1RI71C4IQZZGF,B000RNB720,5
A2PFX6WO88KTYB,B000RNB720,5
A3SUC2DJYHUU9Y,B000RNB720,4
A1AUDW7X02EEPJ,B000RNB720,5
A8MQNZK3J0UEX,B000RNB720,4
A3V1A3C9DTLPME,B000RNB720,5
A16Z3HTUIYPDH8,B000RNB720,5
ADH0O8UVJOT10,B000RNB720,5
A3TBMAWIIHKHFN,B000RNB720,4
A1EVEQAR05SY7L,B000RNB720,4
A37KK1CLMULHE4,B000RNB720,3
A1LS2UXHG1BYRG,B000UJCTVE,5
A34O0KQV4QXWNQ,B000UJCTVE,4
A2T8JRVJRVNX8R,B000UJCTVE,5
A3IKOEE8Z3T6BH,B000UJCTVE,4
A2WROWUBLQ9GZZ,B000UJCTVE,5
A3EUD541ZM0R0R,B000UJCTVE,5
A6Y029E0JUFQ1,B000UJCTVE,5
A1EW1P6BB16GP6,B000UJCTVE,5
A1XL7R4E5WXCXD,B000UJCTVE,5
A46D3MTB5LIUY,B000UJCTVE,5
A2D91EJR5M0CUP,B000UJCTVE,5
AKAVVQMXSAIGX,B000UJCTVE,4
AJCHGS1GND4OA,B000VJJQUU,5
A1S0NIJ5PDREYV,B000VJJQUU,5
ADRAB7F3AI7OL,B000VJJQUU,5
AH0XON4XDOF2C,B000VJJQUU,5
A1B9Q3SNKI6T5V,B000VJJQUU,4
A3IKOEE8Z3T6BH,B000VJJQUU,5
A1NOELD0FUS78X,B000VJJQUU,4
A2D0F87RY5YMHN,B000VJJQUU,5
A1XL7R4E5WXCXD,B000VJJQUU,4
A2X68NVO0SGCMC,B000VJJQUU,4
A35XRT4BW4I6UD,B000VJJQUU,5
A27GPJSZDRQ1ZW,B000VJJQUU,4
A1DLZY0L0J4YZF,B000VJJQUU,5
A1LQC225SE8UNI,B000WN4J9S,4
APB6VJX5CNR5C,B000WN4J9S,5
A1DVUFG2QSJ6IK,B000WN4J9S,5
A3A3ZCWP7Z4V4K,B000WN4J9S,5
A12O5B8XNKNBOL,B000WN4J9S,5
A164BJ2NU1NSJZ,B000WN4J9S,5
A3D0PD45BHLXFX,B000WN4J9S,5
A3CSSZ6U5J4YS5,B000WN4J9S,5
A330W6L217G0U6,B000WN4J9S,5
AFBETARDFURG,B000WN4J9S,5
ADH0O8UVJOT10,B000WN4J9S,5
AENULRBQ2IE5I,B000WN4J9S,5
A3E0CF25A7LD2,B000WN4J9S,3
A1XL4YLORJ5IBS,B000XPO0IU,5
A2GC5JELY3N07V,B000XPO0IU,4
A3OXHLG6DIBRW8,B000XPO0IU,5
A1KMDDMQEXV0HJ,B000XPO0IU,3
A1IT51TW0UI2LM,B000XPO0IU,4
A2RCCN4KEXZGC8,B000XPO0IU,5
AD1L3ZHLHB9FD,B000XPO0IU,5
A1A15ECLHM9BQY,B000XPO0IU,5
A2FZ4Z0UFA1OR8,B000XPO0IU,5
A1GXJW4152V4LJ,B000XPO0IU,4
AJK15Q9JOEHRH,B000XPPURU,5
A1EUO0BU72JR7T,B000XPPURU,5
A37A41GWQFMK3D,B000XPPURU,4
A2MVPY9XVYST9H,B000XPPURU,5
A1GMWTGXW682GB,B000XPPURU,5
A1UKMEC156SHOD,B000XPPURU,5
A2CA4YBYSETM02,B000XPPURU,5
A3MZWM75KSM1P6,B000XPPURU,1
A8L6Z9U1TCP06,B000XPPURU,5
A2RVY2GDMZHH4,B000XPPURU,3
A13YYR53R5K32S,B000XPPURU,5
A1CL807EOUPVP1,B0010SHU18,5
A3IICSS30MRX9M,B0010SHU18,3
A121QRWXZIO6UP,B0010SHU18,5
A3CMXRFIWQCBKQ,B0010SHU18,1
A5MC7LP0ZBO4Q,B0010SHU18,5
A1KO6FM2PGCYC8,B0010SHU18,5
A1IYBO676W7GV6,B0010SHU18,5
A2ZBSEZ211C4QW,B0010SHU18,4
A3NMQFWLXPP8EV,B0010SHU18,5
A2E3Q52SJS00K2,B0010SHU18,5
A1SCWHXAB2ZK7N,B00154OJOI,5
A3PL8ENSYWS1PZ,B00154OJOI,5
A34EGGJLO553D8,B00154OJOI,5
A1CUB195YB9XKO,B00154OJOI,5
A3EXWV8FNSSFL6,B00154OJOI,5
A1VFUMY02HJIFY,B00154OJOI,3
A306YUQBEB2R9T,B00154OJOI,5
A1SD1C8XK3Z3V1,B00154OJOI,5
A55YZTYSWPH96,B00154OJOI,1
A3PGQWCSJPCYDH,B00154OJOI,2
AYJJDQQ4EZ5V3,B00154OJOI,5
A22810LZ1TDWH2,B00154OJOI,5
A2D91EJR5M0CUP,B00154OJOI,5
A3VPJNX40SBP1M,B00154OJOI,5
ASYHYW0USZVN6,B0018TIADQ,5
A109JTUZXO61UY,B0018TIADQ,5
A2H8IJVQNF2QCG,B0018TIADQ,4
APL683AFDJ833,B0018TIADQ,3
A3CUQ8L2S9ZW0H,B0018TIADQ,5
A3DZBMO93FHKTH,B0018TIADQ,5
AWV58YYFEAUL0,B0018TIADQ,5
A341MNU9GWBWKS,B0018TIADQ,5
A1MVH1WLYDHZ49,B0018TIADQ,5
A2U1Z3TZ4P76JB,B0018TIADQ,4
A15TYOEWBQYF0X,B0018TIADQ,5
A2CJVLER896Q7L,B0018TIADQ,5
A1MH7LD4Y203Q5,B0018TIADQ,4
ASGRCZLCNBELE,B0018TIADQ,5
A00625243BI8W1SSZNLMD,B0018TIADQ,5
AJO5UGNMFVDJN,B0018TIADQ,4
A2RIQKV4OOXME1,B0018TIADQ,4
A3GAP455S8YH0M,B0018TIADQ,5
AMNTZU1YQN1TH,B0018TIADQ,3
A1RI71C4IQZZGF,B0018TIADQ,5
A2M93TVNC93C3P,B0018TIADQ,5
A1AWXXBQRQN13I,B0018TIADQ,5
A2WYAHJGST6AOT,B0018TIADQ,2
A2DE5UPQJSIPKR,B0018TIADQ,4
A1EW1P6BB16GP6,B0018TIADQ,4
A46D3MTB5LIUY,B0018TIADQ,5
A3MZWM75KSM1P6,B0018TIADQ,5
A3V1A3C9DTLPME,B0018TIADQ,5
ACFBLRCKLPR00,B0018TIADQ,5
A15BHBF0L0HV1F,B0018TIADQ,5
A1NRNLEASOU773,B0018TIADQ,5
A34AJKMVLJCOSI,B0018TIADQ,5
A3GSQE0LXPG9YF,B0018TIADQ,5
AC0O2206XOA48,B0018TIADQ,5
AVDW3OAVWWE05,B0018TIADQ,5
A23AKO4BZLZ8DE,B0018TIADQ,4
A3ITN3125FJETP,B0018TIADQ,4
A202CZ4PJH83G4,B0018TIADQ,5
A96NYVUEI7SZ3,B0018TIADQ,4
A1VOONTYYM0SDA,B0018TIADQ,5
A2ISZAYDM4Y791,B00191WVF6,4
A3CUQ8L2S9ZW0H,B00191WVF6,5
A2CCGGDGZ694CT,B00191WVF6,5
A2FC9LNES7BVOJ,B00191WVF6,5
A2IBPI20UZIR0U,B00191WVF6,5
AH0XON4XDOF2C,B00191WVF6,3
A2EWLWNMF65J5X,B00191WVF6,5
A1IJUUNPU7L6LA,B00191WVF6,5
A362IZKSMV6MA8,B00191WVF6,5
A1CCHLFAYJ21PB,B00191WVF6,5
A1K8E597YAFQQG,B00191WVF6,5
A3IDC5FP52KJWJ,B00191WVF6,5
AJO5UGNMFVDJN,B00191WVF6,5
A87NFCCTUG4PO,B00191WVF6,5
ASEBPAY8IBNI2,B00191WVF6,5
A1GMWTGXW682GB,B00191WVF6,5
A781ITP3HE2N5,B00191WVF6,5
APN77K8OVE97N,B00191WVF6,5
A5EPN0VVF9EHZ,B00191WVF6,2
A1L2S18BTJE1BZ,B00191WVF6,5
A38UFP5UJLYLMC,B00191WVF6,5
A1BD73IAW04XMZ,B00191WVF6,5
A3DZBMO93FHKTH,B001AS6OYC,4
A3RDS0DJ5EJGA7,B001AS6OYC,5
A34EGGJLO553D8,B001AS6OYC,5
A3UZITVEOSRRHD,B001AS6OYC,5
A2T8JRVJRVNX8R,B001AS6OYC,5
A1AU5K3JMPS3UQ,B001AS6OYC,5
A1GM034H7XPDEW,B001AS6OYC,4
A3CT7PY4PMIT3S,B001AS6OYC,5
A11E4FWMN9BXJD,B001AS6OYC,5
A1G24ZYOU6FVST,B001AS6OYC,5
A1UMM894XSEO4F,B001AS6OYC,5
A2PDPIVN721PZ7,B001DW6RJC,5
A2CJVLER896Q7L,B001DW6RJC,5
AOGJD9K1UN63X,B001DW6RJC,4
A15N5RY4YGRQRQ,B001DW6RJC,4
A1QHHS25GI7QAY,B001DW6RJC,1
A27KQGXAU8Z7OT,B001DW6RJC,5
A396ELNTQDFYPO,B001DW6RJC,4
A2CARFAX5FNQT9,B001DW6RJC,4
A6OLPMJ9HH4IP,B001DW6RJC,5
A3NTAQ473SV08U,B001DW6RJC,5
A2R7B3MUR22USI,B001J5RYXQ,3
A39KDVU5JAXJIF,B001J5RYXQ,3
A3QPN05Y1OUX32,B001J5RYXQ,5
A2B3XQ4FCJTKHQ,B001J5RYXQ,5
A51ZM0CYI4KAD,B001J5RYXQ,5
A1BTNPMESS99PL,B001J5RYXQ,4
A1S8R9OAIQT7YI,B001J5RYXQ,4
A29GXZXORG2DS0,B001J5RYXQ,5
A2C6Z7M3RMUG45,B001J5RYXQ,5
AEUG4DYQZJ64Z,B001J5RYXQ,5
A14BICJ93WO926,B001MMYVZU,5
A165EMA3YTIM6A,B001MMYVZU,5
A341MNU9GWBWKS,B001MMYVZU,2
A30OMDH831R3K3,B001MMYVZU,3
A3FSC2BQQHFXWT,B001MMYVZU,2
A1KMDDMQEXV0HJ,B001MMYVZU,5
A5JC41VQDJVU0,B001MMYVZU,5
A3M4FU3WQWJHMP,B001MMYVZU,5
A19SEZVIVAMGVZ,B001MMYVZU,5
A1XDIC6OQKYJXW,B001MMYVZU,4
A2B3XQ4FCJTKHQ,B001MMYVZU,5
A3MZWM75KSM1P6,B001MMYVZU,5
A1MCMSRNN2AS1F,B001MMYVZU,5
AKYDGCKCY7H9F,B001MMYVZU,5
A1UI4WTBYHYUGD,B001PGXHX0,1
A109JTUZXO61UY,B001PGXHX0,5
A2H8IJVQNF2QCG,B001PGXHX0,3
APL683AFDJ833,B001PGXHX0,5
A2BRKLV7FQ1HVS,B001PGXHX0,5
AWV58YYFEAUL0,B001PGXHX0,5
A26SN2CVQM4FKM,B001PGXHX0,4
A21DER2RMJIDX7,B001PGXHX0,5
A1EUO0BU72JR7T,B001PGXHX0,5
AB39UO500J4EP,B001PGXHX0,5
A2AJKYCZ1WC4UP,B001PGXHX0,5
A3K96R872MUM3D,B001PGXHX0,4
AUOGMXLRRLVE1,B001PGXHX0,4
A33MGQKBDNNC1T,B001PGXHX0,5
A23TVX8RSX74Q7,B001PGXHX0,5
A2U1Z3TZ4P76JB,B001PGXHX0,5
AYQ46BHSK99YV,B001PGXHX0,5
ANQRGI79HHJPQ,B001PGXHX0,5
A2ZX8QW6GU07OI,B001PGXHX0,5
A2CZIZD0RZ566T,B001PGXHX0,5
A1JJ61UV88EAP5,B001PGXHX0,5
A1CCHLFAYJ21PB,B001PGXHX0,3
ASGRCZLCNBELE,B001PGXHX0,5
A3PB1FI3R9V7PY,B001PGXHX0,5
A1M3XD9UV3PD3I,B001PGXHX0,2
A3JXFUXN03IUT5,B001PGXHX0,5
A19WXFFQMKES6O,B001PGXHX0,5
A21WZ0YAMX0NLE,B001PGXHX0,5
A2Z548GT5948WH,B001PGXHX0,3
A51ZM0CYI4KAD,B001PGXHX0,5
A5MC7LP0ZBO4Q,B001PGXHX0,5
A2MPM6M93OXIJT,B001PGXHX0,5
A3TRV1IG0M1PHK,B001PGXHX0,5
A2IPU94WKACV06,B001PGXHX0,5
A35TOWOEC91M2K,B001PGXHX0,5
A2VGVG7IFBRSML,B001PGXHX0,5
A52GGV55KT8AV,B001PGXHX0,5
A2DE5UPQJSIPKR,B001PGXHX0,4
A781ITP3HE2N5,B001PGXHX0,5
A35CRCL7WVUCYG,B001PGXHX0,5
A3PGVJF37JSHFO,B001PGXHX0,4
A2FZ4Z0UFA1OR8,B001PGXHX0,4
A15BHBF0L0HV1F,B001PGXHX0,5
A1NRNLEASOU773,B001PGXHX0,5
A3NGAQKJ6X088B,B001PGXHX0,5
A2XL6TZM34HFV3,B001PGXHX0,4
A3BUN5KKKUMUIH,B001PGXHX0,5
A1QRF5KISDOKPA,B001PGXHX0,5
A3GSQE0LXPG9YF,B001PGXHX0,5
AC0O2206XOA48,B001PGXHX0,5
A1HJ1H7EIPFBRK,B001PGXHX0,5
AVDW3OAVWWE05,B001PGXHX0,5
A18XPD5BM4U6B1,B001PGXHX0,5
A3DRR0ZJNHP6KI,B001PGXHX0,5
A3VPJNX40SBP1M,B001PGXHX0,3
A96NYVUEI7SZ3,B001PGXHX0,3
AI45J5737CUGY,B001PGXHX0,5
AO6GZPDXYW5DL,B001PGXHX0,5
A14BICJ93WO926,B001PGXKC8,5
A1WJVU9KICHFI,B001PGXKC8,5
A1EUO0BU72JR7T,B001PGXKC8,5
A1MVH1WLYDHZ49,B001PGXKC8,5
A3FSC2BQQHFXWT,B001PGXKC8,5
A34O0KQV4QXWNQ,B001PGXKC8,5
A1IJUUNPU7L6LA,B001PGXKC8,4
A2MVPY9XVYST9H,B001PGXKC8,5
A6KYDNP84GGGJ,B001PGXKC8,5
ABZYVME9NYCQG,B001PGXKC8,4
A1XEX009ZR6WXG,B001PGXKC8,4
A2L9RRGLE2I644,B001PGXKC8,5
AO7WPPUO75BBK,B001PGXKC8,3
A3B4L653KYTW55,B001PGXKC8,5
A1RI71C4IQZZGF,B001PGXKC8,5
AZE83O4F1IJPR,B001PGXKC8,5
A15WZCSME5X74S,B001PGXKC8,5
A1GMWTGXW682GB,B001PGXKC8,4
A2PFX6WO88KTYB,B001PGXKC8,5
A24JUT24W1K3CV,B001PGXKC8,2
A2XB18IXOKUV82,B001PGXKC8,5
A3CSSZ6U5J4YS5,B001PGXKC8,5
A8MQNZK3J0UEX,B001PGXKC8,5
A3V1A3C9DTLPME,B001PGXKC8,5
A3D42ZX96FA6EW,B001PGXKC8,4
A3ITN3125FJETP,B001PGXKC8,5
AR6CAR106LX2Y,B001PGXKC8,5
A1BD73IAW04XMZ,B001PGXKC8,5
A1EVEQAR05SY7L,B001PGXKC8,5
A3EZEP0FX5BC1P,B001SC4I16,4
A3HKWOC783B7PL,B001SC4I16,5
A355HGZDEPHHC5,B001SC4I16,5
A2E5YEDFENFZYC,B001SC4I16,3
A8MTE6SIYM0GY,B001SC4I16,5
A1CL807EOUPVP1,B001SC4I16,3
AWN6DAI88TD4Y,B001SC4I16,4
A28C1QOWR31BQV,B001SC4I16,5
A3RPTP7XINQSKI,B001SC4I16,5
A356YVTEMDX69J,B001SC4I16,3
A3NGAQKJ6X088B,B001SC4I16,3
A3UXW18DP4WSD6,B001SC4I16,5
A1J9HY0AG5676,B00267OCTA,4
AXXYMIJBD0J9G,B00267OCTA,4
A1NPG8GYIXYIVY,B00267OCTA,5
A3APKXMNJAEDQM,B00267OCTA,5
A2UYE434RFINE,B00267OCTA,4
A3JXFUXN03IUT5,B00267OCTA,5
A3KCR3MWWKM7C1,B00267OCTA,5
A15RRJL2HT44J4,B00267OCTA,5
A2053ZJUGCKUA5,B00267OCTA,5
A3MPMALWL0ERCA,B00267OCTA,5
A1YIV070HP0VAJ,B0026RB0G8,5
A13IKQCJKFAP5S,B0026RB0G8,5
A26SN2CVQM4FKM,B0026RB0G8,2
A2MFJ6C67AL015,B0026RB0G8,5
AB2G1XOBEGWK2,B0026RB0G8,5
AUOGMXLRRLVE1,B0026RB0G8,3
AZCP5P3BARLS5,B0026RB0G8,3
A204ETWOV23HO4,B0026RB0G8,5
A2CZIZD0RZ566T,B0026RB0G8,3
A2JQWSA0GPVSQN,B0026RB0G8,5
A18X90KMZ6KZ3H,B0026RB0G8,5
A10VG94SAKVSC0,B0026RB0G8,3
A35LD9QOJ5KDMC,B0026RB0G8,4
AS421KUEDNJ5V,B0026RB0G8,5
A3KCR3MWWKM7C1,B0026RB0G8,5
AZXS6P5QWNMLC,B0026RB0G8,5
A3NI8JZCL7BZMC,B0026RB0G8,5
A35JPJHGOSPZX9,B0026RB0G8,3
A2M93TVNC93C3P,B0026RB0G8,5
A2KJY8BRDP8RZP,B0026RB0G8,5
A2VGVG7IFBRSML,B0026RB0G8,5
A1O3P80RRDUV5P,B0026RB0G8,5
A1IYBO676W7GV6,B0026RB0G8,5
A2NGD7NSBWLNJ0,B0026RB0G8,1
A2D91EJR5M0CUP,B0026RB0G8,5
A1QRF5KISDOKPA,B0026RB0G8,3
A2TZAS3A5WIUJQ,B0026RB0G8,5
A35HTG0YUEKFGM,B0026RB0G8,5
AI45J5737CUGY,B0026RB0G8,3
A2C6Z7M3RMUG45,B0026RB0G8,5
AOHR2Q90UXF23,B002AQNGIU,5
A1LU9607CVAMIF,B002AQNGIU,5
A3E7O9NSS47TE8,B002AQNGIU,5
A3A3ZCWP7Z4V4K,B002AQNGIU,4
A19IFF0DGV0T3E,B002AQNGIU,1
A3FW4THIMBIN6V,B002AQNGIU,5
ASEBPAY8IBNI2,B002AQNGIU,4
A2L9RRGLE2I644,B002AQNGIU,5
A15WZCSME5X74S,B002AQNGIU,5
A35CRCL7WVUCYG,B002AQNGIU,5
A1EO6D8DS6DQ2,B002AQNGIU,5
A14BICJ93WO926,B002G1UT5C,5
A2VDGYUTGIOL86,B002G1UT5C,4
AOY459LVUBKLO,B002G1UT5C,3
A220FPH51LXEFR,B002G1UT5C,4
A2HOCLQPNXGCB1,B002G1UT5C,3
A3TM9RWCTMIK42,B002G1UT5C,3
A2EDYSY4M8TESS,B002G1UT5C,5
A1GXJW4152V4LJ,B002G1UT5C,4
A3NKSY3I0UW3KK,B002G1UT5C,3
A202CZ4PJH83G4,B002G1UT5C,4
A3W2E6S24BTXXK,B002HPMTZU,3
A3DZBMO93FHKTH,B002HPMTZU,5
A2U4KTDIVI8KMR,B002HPMTZU,5
A2EZWZ8MBEDOLN,B002HPMTZU,5
A3PL8ENSYWS1PZ,B002HPMTZU,5
A32H7YO8K1XS9E,B002HPMTZU,3
A26GUM1C5M1E51,B002HPMTZU,5
A5JC41VQDJVU0,B002HPMTZU,5
AT09WGFUM934H,B002HPMTZU,5
A2Z15UQEUTE3T9,B002HPMTZU,4
A1IDPIC36H49JX,B002HPMTZU,5
AC0O2206XOA48,B002HPMTZU,2
A2F92AOWTIUIB,B002HPMTZU,5
A35HTG0YUEKFGM,B002HPMTZU,5
A26SN2CVQM4FKM,B0037M4CPM,4
AB2G1XOBEGWK2,B0037M4CPM,5
A341MNU9GWBWKS,B0037M4CPM,5
A30OMDH831R3K3,B0037M4CPM,5
A2EZWZ8MBEDOLN,B0037M4CPM,5
A3G6P4SJ8SYH9F,B0037M4CPM,5
AKHWZ3S1UVZAO,B0037M4CPM,3
A19SEZVIVAMGVZ,B0037M4CPM,4
AN4YGJYOAFE06,B0037M4CPM,3
A2EDYSY4M8TESS,B0037M4CPM,5
A2L9RRGLE2I644,B0037M4CPM,5
A1RI71C4IQZZGF,B0037M4CPM,5
A2M93TVNC93C3P,B0037M4CPM,5
A2PP4G3DLGDD4T,B0037M4CPM,5
A3HKZSCGFU9T2A,B0037M4CPM,4
A1PX8CDUSZ8R7C,B0037M4CPM,5
AA5TINW2RJ195,B0037M62AK,5
A12SSZIN555FTL,B0037M62AK,4
A2DG65AWX5RJ4J,B0037M62AK,5
AKSFZ4G1AXYFC,B0037M62AK,4
A3K96R872MUM3D,B0037M62AK,4
A1N4G1OXNKGGJS,B0037M62AK,3
A1SD1C8XK3Z3V1,B0037M62AK,4
AMVC9WTXYKNJ1,B0037M62AK,4
A1DZDG9AT98298,B0037M62AK,4
AZXS6P5QWNMLC,B0037M62AK,5
AT09WGFUM934H,B0037M62AK,3
A3KZEGBTPH6MMF,B0037M62AK,4
A2XB18IXOKUV82,B0037M62AK,3
A3H4S6YO9VNGDZ,B0037M62KA,5
A2WNBESAB2IZOB,B0037M62KA,5
A1NNBJRXPIDA12,B0037M62KA,5
A32BCTL0HLOXRV,B0037M62KA,3
A1WQNVR4H66YX9,B0037M62KA,4
AKHWZ3S1UVZAO,B0037M62KA,4
A26GUM1C5M1E51,B0037M62KA,5
A1N82BBPB5816P,B0037M62KA,5
A2Y8JW5NSY95OL,B0037M62KA,5
A1N06X05VZWO5Y,B0037M62KA,4
AG1ZYSLKQCLMD,B0037M62KA,5
A1NAA1R38JSNHV,B0037M62KA,5
A2EDYSY4M8TESS,B0037M62KA,5
AJGIN15VFGXBG,B0037M62KA,5
A24JUT24W1K3CV,B0037M62KA,5
A2RVY2GDMZHH4,B0037M62KA,4
A3DCG2MNPR4BW,B0037M62KA,4
A6VXZ1EEPRTLV,B0037M62KA,3
A2IMZNPSJGB2HQ,B003AYNHGW,5
AJBBU53A0X84I,B003AYNHGW,5
A12O5B8XNKNBOL,B003AYNHGW,4
A1YP96MT6W9FTB,B003AYNHGW,5
ASEBPAY8IBNI2,B003AYNHGW,5
A164BJ2NU1NSJZ,B003AYNHGW,5
A2MIXJT004JXSE,B003AYNHGW,4
AFBETARDFURG,B003AYNHGW,5
A36P367G4ZH6Z0,B003AYNHGW,4
A3ITN3125FJETP,B003AYNHGW,5
A3W2E6S24BTXXK,B003B01QL8,4
A280VP2CL6ZFZZ,B003B01QL8,5
A15TYOEWBQYF0X,B003B01QL8,3
A2IMZNPSJGB2HQ,B003B01QL8,5
ABZYVME9NYCQG,B003B01QL8,5
A1365RYO0BLEMI,B003B01QL8,5
A15WZCSME5X74S,B003B01QL8,4
A2CARFAX5FNQT9,B003B01QL8,4
A36PFVYT15GZC2,B003B01QL8,5
A3MKGUUWT9OOY6,B003B01QL8,4
A1AUDW7X02EEPJ,B003B01QL8,5
A3EIML9QZO5NZZ,B003B01QL8,5
A38UFP5UJLYLMC,B003B01QL8,5
A3H4S6YO9VNGDZ,B003B01QR2,5
A2FCEH4VOA71GU,B003B01QR2,5
A1LQC225SE8UNI,B003B01QR2,4
A2KXINV90T91L8,B003B01QR2,5
AZJPNK73JF3XP,B003B01QR2,5
A8MTE6SIYM0GY,B003B01QR2,5
A1WD8RFNIGRPDH,B003B01QR2,5
A3PGQWCSJPCYDH,B003B01QR2,4
A356YVTEMDX69J,B003B01QR2,3
A1GOLQ90G6MHK6,B003B01QR2,5
A2AWJRUEY9IG4B,B003B01QR2,4
A6VXZ1EEPRTLV,B003B01QR2,4
A3MPMALWL0ERCA,B003B01QR2,3
AJK15Q9JOEHRH,B003DVGVIS,4
A2DG65AWX5RJ4J,B003DVGVIS,5
AG3PVU7DCXZTK,B003DVGVIS,5
A2CJVLER896Q7L,B003DVGVIS,5
AZJPNK73JF3XP,B003DVGVIS,5
ABZYVME9NYCQG,B003DVGVIS,5
AMVC9WTXYKNJ1,B003DVGVIS,4
A3B4L653KYTW55,B003DVGVIS,5
A2053ZJUGCKUA5,B003DVGVIS,5
A6OLPMJ9HH4IP,B003DVGVIS,5
A3PGQWCSJPCYDH,B003DVGVIS,3
A36PFVYT15GZC2,B003DVGVIS,4
A24JUT24W1K3CV,B003DVGVIS,5
A3RPDN9247BQHK,B003DVGVIS,5
AOMEH9W6LHC4S,B003DVGVIS,5
A3W2EOWTZVIGC9,B003DVGVIS,5
AYJJDQQ4EZ5V3,B003DVGVIS,3
A27GPJSZDRQ1ZW,B003DVGVIS,5
AR6CAR106LX2Y,B003DVGVIS,4
A2BRKLV7FQ1HVS,B003GEBGA0,5
AKSFZ4G1AXYFC,B003GEBGA0,3
AH0XON4XDOF2C,B003GEBGA0,5
A1B9Q3SNKI6T5V,B003GEBGA0,4
A1MY8258SXRZ8M,B003GEBGA0,5
A34VZEFXQJJ7AT,B003GEBGA0,5
AHF7SNSZPRNCE,B003GEBGA0,5
A3IVULXGE2PB43,B003GEBGA0,5
AS421KUEDNJ5V,B003GEBGA0,5
A3GAP455S8YH0M,B003GEBGA0,5
AT09WGFUM934H,B003GEBGA0,3
A3H4PZB9PGMWAA,B003GEBGA0,4
A224JBB9U9TXMC,B003GEBGA0,5
AENULRBQ2IE5I,B003GEBGA0,4
ATSVUBE2115N1,B003JJQMD8,5
AETQIN7OH0RL9,B003JJQMD8,4
A1S0NIJ5PDREYV,B003JJQMD8,5
A1MVH1WLYDHZ49,B003JJQMD8,5
A306YUQBEB2R9T,B003JJQMD8,3
A00625243BI8W1SSZNLMD,B003JJQMD8,5
A1XDIC6OQKYJXW,B003JJQMD8,5
A34LQ791ACZ0JC,B003JJQMD8,5
AMNTZU1YQN1TH,B003JJQMD8,5
A1UMM894XSEO4F,B003JJQMD8,4
A1A15ECLHM9BQY,B003JJQMD8,5
A2J4GBHSDLP4DF,B003JJQMD8,5
A217QN6PDMKS1A,B003JJQMD8,5
A2WYF4POBUXL2O,B003JJQMD8,4
A22Z554ZQ8NFPC,B003LTJ404,5
A2H8IJVQNF2QCG,B003LTJ404,4
APL683AFDJ833,B003LTJ404,3
A3OJG7CAAYTQKU,B003LTJ404,3
A31JRW1DW3SZ2K,B003LTJ404,5
A1MVH1WLYDHZ49,B003LTJ404,5
A204ETWOV23HO4,B003LTJ404,4
A2ZX8QW6GU07OI,B003LTJ404,5
A2HOCLQPNXGCB1,B003LTJ404,4
A51ZM0CYI4KAD,B003LTJ404,5
A1UMM894XSEO4F,B003LTJ404,4
A22810LZ1TDWH2,B003LTJ404,4
A2PI00GYZJBR4W,B003LTJ404,5
A35102AVKNO5JT,B003LTJ404,4
A23AKO4BZLZ8DE,B003LTJ404,5
A3775OP5VTX5ON,B003NJF1G8,5
A3HKWOC783B7PL,B003NJF1G8,5
A2E5YEDFENFZYC,B003NJF1G8,5
A12O5B8XNKNBOL,B003NJF1G8,5
A1MI9FDCNB3CMR,B003NJF1G8,5
A327J5R77T2EY3,B003NJF1G8,4
A28C1QOWR31BQV,B003NJF1G8,5
A1YA2BPU7CVNJD,B003NJF1G8,3
A781ITP3HE2N5,B003NJF1G8,5
A3UXW18DP4WSD6,B003NJF1G8,5
AYTKUTAP0VA53,B003NJF1G8,5
ASYHYW0USZVN6,B003VWJ2K8,5
A22Z554ZQ8NFPC,B003VWJ2K8,5
A2SBZZ1HSR7WSP,B003VWJ2K8,5
APL683AFDJ833,B003VWJ2K8,5
A1H55L0BLPCWYF,B003VWJ2K8,5
A2VDGYUTGIOL86,B003VWJ2K8,5
A3CUQ8L2S9ZW0H,B003VWJ2K8,5
A13IKQCJKFAP5S,B003VWJ2K8,5
A2F2L5F9OWWVY6,B003VWJ2K8,5
A1YOLMONF9LIVJ,B003VWJ2K8,5
A26SN2CVQM4FKM,B003VWJ2K8,4
A3RDS0DJ5EJGA7,B003VWJ2K8,5
A2MFJ6C67AL015,B003VWJ2K8,5
A2GBBFPROUYQQ9,B003VWJ2K8,5
A2FCEH4VOA71GU,B003VWJ2K8,4
A3OXHLG6DIBRW8,B003VWJ2K8,5
AXXYMIJBD0J9G,B003VWJ2K8,5
A1CUB195YB9XKO,B003VWJ2K8,5
A33MGQKBDNNC1T,B003VWJ2K8,5
AG3PVU7DCXZTK,B003VWJ2K8,3
AZCP5P3BARLS5,B003VWJ2K8,1
A34O0KQV4QXWNQ,B003VWJ2K8,4
A13TTA3W745OFP,B003VWJ2K8,4
A2KXINV90T91L8,B003VWJ2K8,5
A15TYOEWBQYF0X,B003VWJ2K8,1
A306YUQBEB2R9T,B003VWJ2K8,5
AOT7OVQHEJV63,B003VWJ2K8,5
A2ZX8QW6GU07OI,B003VWJ2K8,4
A1WQNVR4H66YX9,B003VWJ2K8,5
A2HOCLQPNXGCB1,B003VWJ2K8,5
A18X5X3Y5JDWY2,B003VWJ2K8,5
A3G6P4SJ8SYH9F,B003VWJ2K8,1
A2EWLWNMF65J5X,B003VWJ2K8,5
A37A41GWQFMK3D,B003VWJ2K8,5
A2JK2ITE138P7Z,B003VWJ2K8,5
A1MY8258SXRZ8M,B003VWJ2K8,5
A2SREOQJ9OEDLE,B003VWJ2K8,5
A1JJ61UV88EAP5,B003VWJ2K8,4
A30GZDBGNP2366,B003VWJ2K8,5
A3AH6CRIGC022K,B003VWJ2K8,5
A32H7YO8K1XS9E,B003VWJ2K8,5
A6A03NM42KUXL,B003VWJ2K8,5
A13ZMJGD5E6JAQ,B003VWJ2K8,5
A24VCDADYAIHAM,B003VWJ2K8,5
A1SD1C8XK3Z3V1,B003VWJ2K8,5
A1CL807EOUPVP1,B003VWJ2K8,5
A2F26OVBDC7WWA,B003VWJ2K8,5
A15N5RY4YGRQRQ,B003VWJ2K8,5
A2M8T1A4O0GS72,B003VWJ2K8,5
A3PB1FI3R9V7PY,B003VWJ2K8,5
A1TLMSOE1VRDZI,B003VWJ2K8,5
A29U2YU2BVD72N,B003VWJ2K8,5
A18X90KMZ6KZ3H,B003VWJ2K8,5
A10VG94SAKVSC0,B003VWJ2K8,2
A2Y7BSQG9V3LNG,B003VWJ2K8,5
A2B58VXLLOFQKR,B003VWJ2K8,5
A1U3T27RHRIDYN,B003VWJ2K8,5
A3MDQTWO6NOV1U,B003VWJ2K8,4
AGW1JFTQNX7SZ,B003VWJ2K8,5
A2Y8JW5NSY95OL,B003VWJ2K8,4
A35LD9QOJ5KDMC,B003VWJ2K8,5
A2IC4MEKF2Y6IF,B003VWJ2K8,5
AJO5UGNMFVDJN,B003VWJ2K8,5
A2RIQKV4OOXME1,B003VWJ2K8,5
A2E2CJWPL1YMAR,B003VWJ2K8,5
A15RRJL2HT44J4,B003VWJ2K8,5
A1QHHS25GI7QAY,B003VWJ2K8,2
A12O5B8XNKNBOL,B003VWJ2K8,5
A27JKERUXCM2PB,B003VWJ2K8,5
A380AI4SNSJTTY,B003VWJ2K8,5
A2K5JT08E0WTWR,B003VWJ2K8,4
A214MI77WXVK9Q,B003VWJ2K8,5
A3MYWHYZ30WLQJ,B003VWJ2K8,5
A2B3XQ4FCJTKHQ,B003VWJ2K8,5
A14PY68SX7D5DV,B003VWJ2K8,5
A35TOWOEC91M2K,B003VWJ2K8,5
A2VGVG7IFBRSML,B003VWJ2K8,5
A2D10EN7QQ56GG,B003VWJ2K8,5
A2WYAHJGST6AOT,B003VWJ2K8,4
A15WZCSME5X74S,B003VWJ2K8,4
A1YEE541N7TL2A,B003VWJ2K8,5
A1O3P80RRDUV5P,B003VWJ2K8,5
A2DE5UPQJSIPKR,B003VWJ2K8,3
A2J4UAF6RW13WK,B003VWJ2K8,5
APH7O58XJXKPT,B003VWJ2K8,5
AE9C0UNXBV8CB,B003VWJ2K8,5
A2T2SAJS88MYU4,B003VWJ2K8,5
A29DX6G7W3PH43,B003VWJ2K8,5
A2CA4YBYSETM02,B003VWJ2K8,4
A3MZWM75KSM1P6,B003VWJ2K8,5
A3IRXJOT9PY6SE,B003VWJ2K8,3
ACFBLRCKLPR00,B003VWJ2K8,4
A2RVY2GDMZHH4,B003VWJ2K8,1
A15BHBF0L0HV1F,B003VWJ2K8,5
A2XL6TZM34HFV3,B003VWJ2K8,5
A3UXW18DP4WSD6,B003VWJ2K8,5
A3O9JAQME0YOB0,B003VWJ2K8,5
A2PI00GYZJBR4W,B003VWJ2K8,4
A35102AVKNO5JT,B003VWJ2K8,5
A5O3ZBCOLILKQ,B003VWJ2K8,5
A195TE92PMQTJ5,B003VWJ2K8,5
AKYDGCKCY7H9F,B003VWJ2K8,5
A2D91EJR5M0CUP,B003VWJ2K8,5
AFBETARDFURG,B003VWJ2K8,5
AK7X7IXX7WYNJ,B003VWJ2K8,5
A27EWIL4YBWTA0,B003VWJ2K8,5
A1GXJW4152V4LJ,B003VWJ2K8,5
A3GSQE0LXPG9YF,B003VWJ2K8,5
A10FM4ILBIMJJ7,B003VWJ2K8,4
A1HJ1H7EIPFBRK,B003VWJ2K8,5
A1L2S18BTJE1BZ,B003VWJ2K8,5
A3THKM5QX5XBKQ,B003VWJ2K8,3
A136IQFGB01KQB,B003VWJ2K8,5
A2F92AOWTIUIB,B003VWJ2K8,5
A102MU6ZC9H1N6,B003VWJ2K8,5
AMP0Z3DR4RCH7,B003VWJ2K8,5
A1DLZY0L0J4YZF,B003VWJ2K8,5
A3DRR0ZJNHP6KI,B003VWJ2K8,5
A18RGYRCEN181M,B003VWJ2K8,4
A96NYVUEI7SZ3,B003VWJ2K8,5
A1VOONTYYM0SDA,B003VWJ2K8,5
AI45J5737CUGY,B003VWJ2K8,5
AM9EL9YBP070A,B003VWJ2K8,5
A19AXCVXAM7NM2,B003VWJ2K8,5
A1EVEQAR05SY7L,B003VWJ2K8,5
A37KK1CLMULHE4,B003VWJ2K8,5
AYTKUTAP0VA53,B003VWJ2K8,1
A1WSFFFG0SL1XJ,B003VWJ2K8,5
A3BZ9EP6SSC9MU,B003VWJ2K8,5
A18MMME07XZLYO,B003VWJ2K8,5
A394SBIRC4A8S9,B003VWJ2K8,5
A1YIGDWVHNNTMU,B003VWKPHC,5
AWV58YYFEAUL0,B003VWKPHC,5
A21DER2RMJIDX7,B003VWKPHC,3
A1EUO0BU72JR7T,B003VWKPHC,3
A2GC5JELY3N07V,B003VWKPHC,5
A31JRW1DW3SZ2K,B003VWKPHC,3
A36IOSZXG6HQAU,B003VWKPHC,4
A1BH17V8BKLES,B003VWKPHC,4
A34EGGJLO553D8,B003VWKPHC,5
AH0XON4XDOF2C,B003VWKPHC,5
A1CUB195YB9XKO,B003VWKPHC,5
A3775OP5VTX5ON,B003VWKPHC,5
A2ZX8QW6GU07OI,B003VWKPHC,5
A3G6P4SJ8SYH9F,B003VWKPHC,5
A2GVH4P25TXN8M,B003VWKPHC,5
A2T305UHZJ21L1,B003VWKPHC,3
A24JW33E1DW64K,B003VWKPHC,4
A8MTE6SIYM0GY,B003VWKPHC,3
A3AH6CRIGC022K,B003VWKPHC,5
AOGJD9K1UN63X,B003VWKPHC,5
A15N5RY4YGRQRQ,B003VWKPHC,5
A2Y7BSQG9V3LNG,B003VWKPHC,5
A1N82BBPB5816P,B003VWKPHC,5
A3FW4THIMBIN6V,B003VWKPHC,5
A19WXFFQMKES6O,B003VWKPHC,5
A1N06X05VZWO5Y,B003VWKPHC,5
A3VG7F7SZUK87S,B003VWKPHC,4
A342XAA3YXGKT9,B003VWKPHC,5
A3TA1UJWRJF9NC,B003VWKPHC,3
A327J5R77T2EY3,B003VWKPHC,5
AVQEN2UAO4UU2,B003VWKPHC,5
A2053ZJUGCKUA5,B003VWKPHC,5
A14PY68SX7D5DV,B003VWKPHC,2
A2D0F87RY5YMHN,B003VWKPHC,5
A55YZTYSWPH96,B003VWKPHC,5
A1VR0GV8LPJYNF,B003VWKPHC,5
A1KO6FM2PGCYC8,B003VWKPHC,5
A35CRCL7WVUCYG,B003VWKPHC,5
AE9C0UNXBV8CB,B003VWKPHC,5
A1EW1P6BB16GP6,B003VWKPHC,5
A4XWMOFB1HY04,B003VWKPHC,4
A3PGVJF37JSHFO,B003VWKPHC,5
A2D9QW4TY8CFB0,B003VWKPHC,5
A1MCMSRNN2AS1F,B003VWKPHC,5
ACFBLRCKLPR00,B003VWKPHC,5
A13T4T3QOSII3I,B003VWKPHC,5
A5EPN0VVF9EHZ,B003VWKPHC,5
A3W2EOWTZVIGC9,B003VWKPHC,5
A3RHT4KI3H5TVH,B003VWKPHC,5
A1NRNLEASOU773,B003VWKPHC,5
A3UXW18DP4WSD6,B003VWKPHC,5
A1CF9IF5FWYNU0,B003VWKPHC,5
A224JBB9U9TXMC,B003VWKPHC,5
A2D91EJR5M0CUP,B003VWKPHC,5
A1QRF5KISDOKPA,B003VWKPHC,5
A27EWIL4YBWTA0,B003VWKPHC,5
A27YVE2HVG32Y3,B003VWKPHC,5
A3HKZSCGFU9T2A,B003VWKPHC,5
A2SNKWR5D203ZX,B003VWKPHC,5
A18XPD5BM4U6B1,B003VWKPHC,5
A202CZ4PJH83G4,B003VWKPHC,5
A18MMME07XZLYO,B003VWKPHC,5
A2JO762ONDZLF8,B0042EZH6W,5
A3IVULXGE2PB43,B0042EZH6W,5
AITXZ1QOILJ5Z,B0042EZH6W,5
A87NFCCTUG4PO,B0042EZH6W,5
A3NI8JZCL7BZMC,B0042EZH6W,5
A27KQGXAU8Z7OT,B0042EZH6W,5
A356RFKNIG043B,B0042EZH6W,5
A3TRV1IG0M1PHK,B0042EZH6W,4
A2D10EN7QQ56GG,B0042EZH6W,4
A2QPZKGUDE7RJ4,B0042EZH6W,5
A3IRXJOT9PY6SE,B0042EZH6W,5
A3NEBPGRQ9IAM,B0042EZH6W,4
A16Z3HTUIYPDH8,B0042EZH6W,4
AC0O2206XOA48,B0042EZH6W,5
AB0XOMFCYELCK,B0042EZH6W,5
A1UMOYYM8HB2A1,B0042EZH6W,5
A23AKO4BZLZ8DE,B0042EZH6W,5
A2FAF1J19NO0ID,B0042EZH6W,4
A3SJP0GZNZJ0XE,B0042EZH6W,5
AOHR2Q90UXF23,B004FEGXDK,5
A2EZWZ8MBEDOLN,B004FEGXDK,5
A1L7M2JXN4EZCR,B004FEGXDK,5
A2YQTEPCGZ5N7J,B004FEGXDK,5
A1K8E597YAFQQG,B004FEGXDK,5
A2B58VXLLOFQKR,B004FEGXDK,2
A2MIXJT004JXSE,B004FEGXDK,5
APN77K8OVE97N,B004FEGXDK,5
A14FMSW73W220M,B004FEGXDK,4
A36P367G4ZH6Z0,B004FEGXDK,5
ADH0O8UVJOT10,B004FEGXDK,5
A1EVEQAR05SY7L,B004FEGXDK,5
A1SCWHXAB2ZK7N,B004FPEF84,5
AKT2VSLZHDD81,B004FPEF84,5
A1MY8258SXRZ8M,B004FPEF84,5
A2SREOQJ9OEDLE,B004FPEF84,5
A24JW33E1DW64K,B004FPEF84,3
A5RJ7TM82RH0I,B004FPEF84,3
A3APKXMNJAEDQM,B004FPEF84,5
A3QPN05Y1OUX32,B004FPEF84,5
A2IPU94WKACV06,B004FPEF84,4
A55YZTYSWPH96,B004FPEF84,2
A2J4UAF6RW13WK,B004FPEF84,3
A4XWMOFB1HY04,B004FPEF84,4
A195TE92PMQTJ5,B004FPEF84,5
A1LI9W7A0CYOHV,B004FPEF84,4
A3HKZSCGFU9T2A,B004FPEF84,1
AR6CAR106LX2Y,B004FPEF84,5
AJK15Q9JOEHRH,B004N0MKN8,5
A2F2L5F9OWWVY6,B004N0MKN8,5
A2R7B3MUR22USI,B004N0MKN8,3
A1J9HY0AG5676,B004N0MKN8,2
A1CUB195YB9XKO,B004N0MKN8,5
AG3PVU7DCXZTK,B004N0MKN8,3
A3775OP5VTX5ON,B004N0MKN8,5
A3MTR7P9PYAALX,B004N0MKN8,4
A2T8JRVJRVNX8R,B004N0MKN8,5
AZJPNK73JF3XP,B004N0MKN8,4
A3923UGIPX0QQM,B004N0MKN8,3
AITXZ1QOILJ5Z,B004N0MKN8,4
A1786LAQ18LHDC,B004N0MKN8,3
A3RPTP7XINQSKI,B004N0MKN8,5
A36PFVYT15GZC2,B004N0MKN8,5
A29DX6G7W3PH43,B004N0MKN8,3
AOINAOO0NQRGN,B004N0MKN8,4
A2E3Q52SJS00K2,B004N0MKN8,5
A1EVEQAR05SY7L,B004N0MKN8,3
A3DZBMO93FHKTH,B004T6M7DE,4
A39KDVU5JAXJIF,B004T6M7DE,5
A3PB1FI3R9V7PY,B004T6M7DE,5
A3IVULXGE2PB43,B004T6M7DE,5
A1NAA1R38JSNHV,B004T6M7DE,5
A2EDYSY4M8TESS,B004T6M7DE,5
A3MYWHYZ30WLQJ,B004T6M7DE,5
A1VQHH85U7PX0,B004T6M7DE,1
A2B78RXJ2PB6ZD,B004T6M7DE,5
A1MAQQXJZTMSKT,B004T6M7DE,5
A1H55L0BLPCWYF,B004UJO41S,5
A27WU4E7J23ZS7,B004UJO41S,3
A2QEH1K92PBWMQ,B004UJO41S,4
A165EMA3YTIM6A,B004UJO41S,1
A2MFJ6C67AL015,B004UJO41S,5
A13ZMJGD5E6JAQ,B004UJO41S,5
A10VG94SAKVSC0,B004UJO41S,5
A1GXG8FTXEA72D,B004UJO41S,3
A3UXW18DP4WSD6,B004UJO41S,5
ALHC64J88LVWO,B004UJO41S,2
AETQIN7OH0RL9,B004XNK7AI,5
A12SSZIN555FTL,B004XNK7AI,3
A27WU4E7J23ZS7,B004XNK7AI,5
A26SN2CVQM4FKM,B004XNK7AI,4
A2QEH1K92PBWMQ,B004XNK7AI,5
A20HEID734XSTW,B004XNK7AI,4
A1MVH1WLYDHZ49,B004XNK7AI,3
ACXJSNO821XUG,B004XNK7AI,5
AXG9N4QFS4QYP,B004XNK7AI,5
A3MTR7P9PYAALX,B004XNK7AI,5
A3DIN9E5QQZ6VT,B004XNK7AI,5
A1DX9PS0UN7EHY,B004XNK7AI,5
A355HGZDEPHHC5,B004XNK7AI,5
A109ME7C09HM2M,B004XNK7AI,5
A2JO762ONDZLF8,B004XNK7AI,5
A1MH7LD4Y203Q5,B004XNK7AI,5
A1TLMSOE1VRDZI,B004XNK7AI,5
A18X90KMZ6KZ3H,B004XNK7AI,5
AHF7SNSZPRNCE,B004XNK7AI,3
A14VAT5EAX3D9S,B004XNK7AI,5
A3I9IGMS9GHW8J,B004XNK7AI,5
A2Y7BSQG9V3LNG,B004XNK7AI,5
A3FBE4WF5KQRR1,B004XNK7AI,4
A2WROWUBLQ9GZZ,B004XNK7AI,4
A3M4FU3WQWJHMP,B004XNK7AI,5
AT09WGFUM934H,B004XNK7AI,5
A2Z548GT5948WH,B004XNK7AI,5
A396ELNTQDFYPO,B004XNK7AI,2
A1VR0GV8LPJYNF,B004XNK7AI,4
A2T372SGRFAWYP,B004XNK7AI,4
AUH2DKYUU7KC9,B004XNK7AI,4
A3SUC2DJYHUU9Y,B004XNK7AI,4
A3NS4AQ9Y7UWRL,B004XNK7AI,5
AOMEH9W6LHC4S,B004XNK7AI,4
ACFBLRCKLPR00,B004XNK7AI,4
A3OMOR0QCB74TM,B004XNK7AI,5
ALA9EIJ7G1SCF,B004XNK7AI,5
A2Z7S8B5U4PAKJ,B004XNK7AI,1
A27EWIL4YBWTA0,B004XNK7AI,5
A2SKZZZBV1XYWP,B004XNK7AI,5
A3NMQFWLXPP8EV,B004XNK7AI,4
A2C46HQIZLYJUC,B004XNK7AI,1
A6VXZ1EEPRTLV,B004XNK7AI,5
A3UQS40N3PW18L,B004XNK7AI,5
A2PD27UKAD3Q00,B004XNK7AI,5
A2ISZAYDM4Y791,B004Z17008,4
A3775OP5VTX5ON,B004Z17008,5
A3HKWOC783B7PL,B004Z17008,5
A355HGZDEPHHC5,B004Z17008,5
A2JK2ITE138P7Z,B004Z17008,5
A2E5YEDFENFZYC,B004Z17008,2
A3SDJ70H00OQCJ,B004Z17008,5
A1XEX009ZR6WXG,B004Z17008,4
A12O5B8XNKNBOL,B004Z17008,5
A327J5R77T2EY3,B004Z17008,5
A28C1QOWR31BQV,B004Z17008,5
A8E9VWP5EQH6B,B004Z17008,5
A3UXW18DP4WSD6,B004Z17008,5
A19NGYCQ1NCF3W,B004Z17008,3
A3THKM5QX5XBKQ,B004Z17008,3
AHUCLL02HS7M5,B0055V7UR0,5
A13IKQCJKFAP5S,B0055V7UR0,5
A1O7G2PW6LGL0G,B0055V7UR0,5
A220FPH51LXEFR,B0055V7UR0,4
A1DX9PS0UN7EHY,B0055V7UR0,4
A1B9Q3SNKI6T5V,B0055V7UR0,4
A1U3T27RHRIDYN,B0055V7UR0,5
A3QNHDUBMA6WQM,B0055V7UR0,4
A149F91FB9WTW6,B0055V7UR0,3
A1WD8RFNIGRPDH,B0055V7UR0,5
A3ADSZR7QAQ5U,B0055V7UR0,3
A3W2E6S24BTXXK,B005CX4GLE,5
A2MFJ6C67AL015,B005CX4GLE,4
AB2G1XOBEGWK2,B005CX4GLE,5
A1DVUFG2QSJ6IK,B005CX4GLE,5
A10VG94SAKVSC0,B005CX4GLE,4
A35LD9QOJ5KDMC,B005CX4GLE,5
A3KCR3MWWKM7C1,B005CX4GLE,5
A3GAP455S8YH0M,B005CX4GLE,4
AITXZ1QOILJ5Z,B005CX4GLE,5
A3VG7F7SZUK87S,B005CX4GLE,5
AJGIN15VFGXBG,B005CX4GLE,5
A2KJY8BRDP8RZP,B005CX4GLE,3
A2CARFAX5FNQT9,B005CX4GLE,4
A1UMM894XSEO4F,B005CX4GLE,4
A2NYK9KWFMJV4Y,B005CX4GLE,5
A1EW1P6BB16GP6,B005CX4GLE,1
A4XWMOFB1HY04,B005CX4GLE,4
AUH2DKYUU7KC9,B005CX4GLE,4
A1IYBO676W7GV6,B005CX4GLE,5
A3NEBPGRQ9IAM,B005CX4GLE,5
A3UXW18DP4WSD6,B005CX4GLE,5
AK7X7IXX7WYNJ,B005CX4GLE,5
A10FM4ILBIMJJ7,B005CX4GLE,5
AVDW3OAVWWE05,B005CX4GLE,5
A2C46HQIZLYJUC,B005CX4GLE,5
A35HTG0YUEKFGM,B005CX4GLE,5
ALHC64J88LVWO,B005CX4GLE,4
A3OJG7CAAYTQKU,B005FKF1PY,5
A146H4KN4LFR60,B005FKF1PY,5
AZCP5P3BARLS5,B005FKF1PY,3
A1LQC225SE8UNI,B005FKF1PY,5
AOT7OVQHEJV63,B005FKF1PY,5
A2CJVLER896Q7L,B005FKF1PY,5
A30J7WQV0ZNRXG,B005FKF1PY,4
A2MVPY9XVYST9H,B005FKF1PY,3
A3MMISYL1GBXH4,B005FKF1PY,5
A1JJ61UV88EAP5,B005FKF1PY,3
A3923UGIPX0QQM,B005FKF1PY,4
A3AOPVQ7EZHTWA,B005FKF1PY,3
A1DVUFG2QSJ6IK,B005FKF1PY,5
A3M1PLEYNDEYO8,B005FKF1PY,5
A1SD1C8XK3Z3V1,B005FKF1PY,5
A3E7O9NSS47TE8,B005FKF1PY,5
A2Y8JW5NSY95OL,B005FKF1PY,2
A306NASGVUDFKF,B005FKF1PY,5
A1XEX009ZR6WXG,B005FKF1PY,3
A3RNEUUWTA78QR,B005FKF1PY,4
A1YP96MT6W9FTB,B005FKF1PY,4
AO7WPPUO75BBK,B005FKF1PY,4
A6OLPMJ9HH4IP,B005FKF1PY,1
A2PX3NR1IVTXPG,B005FKF1PY,5
APH7O58XJXKPT,B005FKF1PY,3
AE9C0UNXBV8CB,B005FKF1PY,4
A3PGQWCSJPCYDH,B005FKF1PY,3
AMEZJVXMSEPY0,B005FKF1PY,5
A3K9OQPCI8UJE,B005FKF1PY,5
A1A15ECLHM9BQY,B005FKF1PY,3
A2PN3GY7I3EKC1,B005FKF1PY,4
A1BTNPMESS99PL,B005FKF1PY,4
A46D3MTB5LIUY,B005FKF1PY,5
A2CA4YBYSETM02,B005FKF1PY,5
A27L5L6I7OSV5B,B005FKF1PY,3
A3R8XCQYDNQIAA,B005FKF1PY,5
A27H0T39U3FZB5,B005FKF1PY,4
A1JOANG98KBFKU,B005FKF1PY,4
AYJJDQQ4EZ5V3,B005FKF1PY,5
A2Z7S8B5U4PAKJ,B005FKF1PY,5
A2PBMCBT1R8TTL,B005FKF1PY,5
ALHC64J88LVWO,B005FKF1PY,3
A1LU9607CVAMIF,B005MR6IHK,4
AWI6ABEOOVQIC,B005MR6IHK,5
A3G6P4SJ8SYH9F,B005MR6IHK,4
A2E5YEDFENFZYC,B005MR6IHK,5
A1DVUFG2QSJ6IK,B005MR6IHK,5
AHF7SNSZPRNCE,B005MR6IHK,5
A3VG7F7SZUK87S,B005MR6IHK,3
A9P4Q7KX35RS2,B005MR6IHK,5
A3KZEGBTPH6MMF,B005MR6IHK,4
A2J4UAF6RW13WK,B005MR6IHK,5
A4XWMOFB1HY04,B005MR6IHK,4
A2XB18IXOKUV82,B005MR6IHK,5
A3CSSZ6U5J4YS5,B005MR6IHK,5
A3EIML9QZO5NZZ,B005MR6IHK,5
A3ITN3125FJETP,B005MR6IHK,5
A1YIGDWVHNNTMU,B005PGGU9O,5
A1YOLMONF9LIVJ,B005PGGU9O,5
A2MFJ6C67AL015,B005PGGU9O,5
A1QIXOP75BS29C,B005PGGU9O,1
AZMIKIG4BB6BZ,B005PGGU9O,4
AOGJD9K1UN63X,B005PGGU9O,3
A3IVULXGE2PB43,B005PGGU9O,5
AS421KUEDNJ5V,B005PGGU9O,5
A1VR0GV8LPJYNF,B005PGGU9O,4
A781ITP3HE2N5,B005PGGU9O,5
APN77K8OVE97N,B005PGGU9O,4
A10FM4ILBIMJJ7,B005PGGU9O,5
A35HTG0YUEKFGM,B005PGGU9O,5
A2DG65AWX5RJ4J,B005PNXT6E,5
A15TYOEWBQYF0X,B005PNXT6E,5
A3B9P95Z0WXD4Z,B005PNXT6E,5
A1MH7LD4Y203Q5,B005PNXT6E,5
A26GUM1C5M1E51,B005PNXT6E,5
A2Y7BSQG9V3LNG,B005PNXT6E,3
A1DZDG9AT98298,B005PNXT6E,5
AT09WGFUM934H,B005PNXT6E,4
A1AUDW7X02EEPJ,B005PNXT6E,5
A3NEBPGRQ9IAM,B005PNXT6E,5
ACH055GTTIGC9,B005PNXT6E,5
A224JBB9U9TXMC,B005PNXT6E,5
A2O52ICJCRQYVK,B005PNXT6E,5
A1EUO0BU72JR7T,B005T800V2,5
A1MVH1WLYDHZ49,B005T800V2,4
A2EZWZ8MBEDOLN,B005T800V2,5
A1L7M2JXN4EZCR,B005T800V2,5
A2YQTEPCGZ5N7J,B005T800V2,5
A1DVUFG2QSJ6IK,B005T800V2,5
A3M1PLEYNDEYO8,B005T800V2,5
A1SD1C8XK3Z3V1,B005T800V2,4
A3SUC2DJYHUU9Y,B005T800V2,4
A14FMSW73W220M,B005T800V2,3
A3TBMAWIIHKHFN,B005T800V2,5
AHUCLL02HS7M5,B00646MZHK,5
AASCUHX7YUC6M,B00646MZHK,2
AXWEQHTXQWR7Q,B00646MZHK,5
A2FIYXK97CTS6D,B00646MZHK,5
A20HEID734XSTW,B00646MZHK,5
A2B5LSF5V85SZA,B00646MZHK,5
A31JRW1DW3SZ2K,B00646MZHK,4
AB39UO500J4EP,B00646MZHK,5
A1VFUMY02HJIFY,B00646MZHK,5
A1KMDDMQEXV0HJ,B00646MZHK,4
A2T8JRVJRVNX8R,B00646MZHK,5
AZJPNK73JF3XP,B00646MZHK,5
A3G6P4SJ8SYH9F,B00646MZHK,4
A3MMISYL1GBXH4,B00646MZHK,5
A2E5YEDFENFZYC,B00646MZHK,5
A3AH6CRIGC022K,B00646MZHK,5
A32H7YO8K1XS9E,B00646MZHK,4
A3M1PLEYNDEYO8,B00646MZHK,5
ABZYVME9NYCQG,B00646MZHK,3
A2Y8JW5NSY95OL,B00646MZHK,3
A3FW4THIMBIN6V,B00646MZHK,5
A306NASGVUDFKF,B00646MZHK,5
A3SDJ70H00OQCJ,B00646MZHK,5
A15RRJL2HT44J4,B00646MZHK,3
A342XAA3YXGKT9,B00646MZHK,4
A2053ZJUGCKUA5,B00646MZHK,5
A1LY5SSCQTO7PY,B00646MZHK,5
A9P4Q7KX35RS2,B00646MZHK,2
A8E9VWP5EQH6B,B00646MZHK,5
A2PX3NR1IVTXPG,B00646MZHK,1
A781ITP3HE2N5,B00646MZHK,5
A10EYK3699YT9F,B00646MZHK,5
A36PFVYT15GZC2,B00646MZHK,5
A386KVFXZR6XL8,B00646MZHK,5
ANQ4OCX36QPYE,B00646MZHK,5
A2D9QW4TY8CFB0,B00646MZHK,4
A1CF9IF5FWYNU0,B00646MZHK,5
A22810LZ1TDWH2,B00646MZHK,5
AM67EGOF8ACTY,B00646MZHK,5
A2ZBSEZ211C4QW,B00646MZHK,5
A27EWIL4YBWTA0,B00646MZHK,5
A217QN6PDMKS1A,B00646MZHK,5
A2Z89YMZZJWBHS,B00646MZHK,5
A2C46HQIZLYJUC,B00646MZHK,5
AENULRBQ2IE5I,B00646MZHK,5
AXJ19189TLBLJ,B00646MZHK,5
A2B5LSF5V85SZA,B0073XCXHA,5
A17IU5NX3UC84G,B0073XCXHA,5
A11INIL2YFJ137,B0073XCXHA,5
A1CUB195YB9XKO,B0073XCXHA,5
A306YUQBEB2R9T,B0073XCXHA,5
ASGRCZLCNBELE,B0073XCXHA,5
A1TLMSOE1VRDZI,B0073XCXHA,5
A3FW4THIMBIN6V,B0073XCXHA,5
A3SDJ70H00OQCJ,B0073XCXHA,5
A1DZDG9AT98298,B0073XCXHA,5
A87NFCCTUG4PO,B0073XCXHA,5
A2K5JT08E0WTWR,B0073XCXHA,5
A164BJ2NU1NSJZ,B0073XCXHA,4
A386KVFXZR6XL8,B0073XCXHA,4
APN77K8OVE97N,B0073XCXHA,5
A25ZBYVW8ZINLM,B0073XCXHA,5
A27EWIL4YBWTA0,B0073XCXHA,5
A2OUJTI80VZ0AH,B0073XCXHA,5
A3UQS40N3PW18L,B0073XCXHA,5
A394SBIRC4A8S9,B0073XCXHA,3
AXWEQHTXQWR7Q,B007TGWQZ0,4
AWI6ABEOOVQIC,B007TGWQZ0,5
AYQ46BHSK99YV,B007TGWQZ0,5
A3KZ3Y88P6CAMA,B007TGWQZ0,3
A2IMQNWFXAQQJ6,B007TGWQZ0,5
AWN6DAI88TD4Y,B007TGWQZ0,3
A29U2YU2BVD72N,B007TGWQZ0,5
A27JKERUXCM2PB,B007TGWQZ0,4
A3PGVJF37JSHFO,B007TGWQZ0,4
A18XPD5BM4U6B1,B007TGWQZ0,5
AURLBJJP9B2E3,B007YWHIP2,4
A1YIGDWVHNNTMU,B007YWHIP2,4
AH0XON4XDOF2C,B007YWHIP2,4
A23TVX8RSX74Q7,B007YWHIP2,5
A13TTA3W745OFP,B007YWHIP2,5
A1DZDG9AT98298,B007YWHIP2,5
A1IQB6UF5L422C,B007YWHIP2,4
A2KJY8BRDP8RZP,B007YWHIP2,4
AZE83O4F1IJPR,B007YWHIP2,4
A1L2S18BTJE1BZ,B007YWHIP2,4
A3EZEP0FX5BC1P,B008BPI2HE,5
ABKNRVFFLEA3M,B008BPI2HE,5
A2FY8306QHI5LE,B008BPI2HE,5
A3A7Y3TSPPZU9T,B008BPI2HE,5
A30J7WQV0ZNRXG,B008BPI2HE,5
A3AOPVQ7EZHTWA,B008BPI2HE,5
A24VCDADYAIHAM,B008BPI2HE,5
A3M1PLEYNDEYO8,B008BPI2HE,5
A1SD1C8XK3Z3V1,B008BPI2HE,5
A2VRAT69JDAD3W,B008BPI2HE,5
A306NASGVUDFKF,B008BPI2HE,4
A1YP96MT6W9FTB,B008BPI2HE,5
A31RULW0KNYJ5H,B008BPI2HE,5
A8E9VWP5EQH6B,B008BPI2HE,4
AWCJ12KBO5VII,B008BPI2HE,5
AMEZJVXMSEPY0,B008BPI2HE,4
AEWYUPCNDV7HY,B008BPI2HE,5
A1VQHH85U7PX0,B008BPI2HE,3
A29B4PAIOL7HYG,B008BPI2HE,3
A27L5L6I7OSV5B,B008BPI2HE,5
A8L6Z9U1TCP06,B008BPI2HE,5
A27H0T39U3FZB5,B008BPI2HE,4
A3OMOR0QCB74TM,B008BPI2HE,5
A2Z7S8B5U4PAKJ,B008BPI2HE,5
A2PBMCBT1R8TTL,B008BPI2HE,5
A70NFM6KHU24F,B008BPI2HE,4
A1YIV070HP0VAJ,B00A716FB0,5
A2VDGYUTGIOL86,B00A716FB0,5
A3HKWOC783B7PL,B00A716FB0,5
A1L7M2JXN4EZCR,B00A716FB0,4
A2IMQNWFXAQQJ6,B00A716FB0,4
A3G5BIFX6VS1OP,B00A716FB0,5
A3IY9JZZ36OQSV,B00A716FB0,3
A1LY5SSCQTO7PY,B00A716FB0,5
A2PP4G3DLGDD4T,B00A716FB0,1
A34AJKMVLJCOSI,B00A716FB0,4
A27YVE2HVG32Y3,B00A716FB0,4
AYTKUTAP0VA53,B00A716FB0,3
A2G2DXPFZKG48W,B00AQBT3EW,5
ABKNRVFFLEA3M,B00AQBT3EW,5
A2FY8306QHI5LE,B00AQBT3EW,5
A3A7Y3TSPPZU9T,B00AQBT3EW,5
A3EXWV8FNSSFL6,B00AQBT3EW,5
AF8DM6NWL9API,B00AQBT3EW,5
A20OBCQWBKCGZT,B00AQBT3EW,5
A3AOPVQ7EZHTWA,B00AQBT3EW,5
A1SD1C8XK3Z3V1,B00AQBT3EW,5
A356RFKNIG043B,B00AQBT3EW,5
A31RULW0KNYJ5H,B00AQBT3EW,5
A1RPTVW5VEOSI,B00AQBT3EW,4
AWCJ12KBO5VII,B00AQBT3EW,5
AMEZJVXMSEPY0,B00AQBT3EW,4
AEWYUPCNDV7HY,B00AQBT3EW,5
A27L5L6I7OSV5B,B00AQBT3EW,4
A1JOANG98KBFKU,B00AQBT3EW,5
A2PD27UKAD3Q00,B00AQBT3EW,5
AJK15Q9JOEHRH,B00AZUAORE,5
A2CCGGDGZ694CT,B00AZUAORE,5
A2QEH1K92PBWMQ,B00AZUAORE,5
A1WJVU9KICHFI,B00AZUAORE,5
A3FSC2BQQHFXWT,B00AZUAORE,5
A1JNV4K56GG94R,B00AZUAORE,5
A1K8E597YAFQQG,B00AZUAORE,5
A3B4L653KYTW55,B00AZUAORE,5
A3K9OQPCI8UJE,B00AZUAORE,1
A3W2EOWTZVIGC9,B00AZUAORE,5
A38UFP5UJLYLMC,B00AZUAORE,5
AHUCLL02HS7M5,B00BKXN9LS,5
A1YIV070HP0VAJ,B00BKXN9LS,5
AURLBJJP9B2E3,B00BKXN9LS,5
A3CUQ8L2S9ZW0H,B00BKXN9LS,5
A1UPZM995ZAH90,B00BKXN9LS,5
A1L7M2JXN4EZCR,B00BKXN9LS,5
A1N4G1OXNKGGJS,B00BKXN9LS,5
A2K5JT08E0WTWR,B00BKXN9LS,5
APQTAELJ74I07,B00BKXN9LS,5
A35CRCL7WVUCYG,B00BKXN9LS,5
A2SNKWR5D203ZX,B00BKXN9LS,5
AA5TINW2RJ195,B00BKXN9LS,5
A2E3Q52SJS00K2,B00BKXN9LS,5
A30OMDH831R3K3,B00BU9KCXK,3
A1J9HY0AG5676,B00BU9KCXK,4
A34O0KQV4QXWNQ,B00BU9KCXK,2
AOT7OVQHEJV63,B00BU9KCXK,5
A2T305UHZJ21L1,B00BU9KCXK,2
A2IC4MEKF2Y6IF,B00BU9KCXK,5
A327J5R77T2EY3,B00BU9KCXK,5
A380AI4SNSJTTY,B00BU9KCXK,5
A3KZEGBTPH6MMF,B00BU9KCXK,3
A2JQWSA0GPVSQN,B00BU9KCXK,5
A35TOWOEC91M2K,B00BU9KCXK,5
A8L6Z9U1TCP06,B00BU9KCXK,4
A2PP4G3DLGDD4T,B00BU9KCXK,5
A3EZEP0FX5BC1P,B00GTSM8FW,5
ABKNRVFFLEA3M,B00GTSM8FW,5
A20OBCQWBKCGZT,B00GTSM8FW,5
A3AOPVQ7EZHTWA,B00GTSM8FW,2
A3M1PLEYNDEYO8,B00GTSM8FW,5
A1SD1C8XK3Z3V1,B00GTSM8FW,2
A306NASGVUDFKF,B00GTSM8FW,4
A1YP96MT6W9FTB,B00GTSM8FW,3
A1TSKKBNV38E8Y,B00GTSM8FW,5
A356RFKNIG043B,B00GTSM8FW,5
AOMEH9W6LHC4S,B00GTSM8FW,4
A27H0T39U3FZB5,B00GTSM8FW,5
A2PD27UKAD3Q00,B00GTSM8FW,5
ABC68JUCPTVOE,B00HFRXACG,5
AF8DM6NWL9API,B00HFRXACG,5
A20OBCQWBKCGZT,B00HFRXACG,5
A3AOPVQ7EZHTWA,B00HFRXACG,4
A2VRAT69JDAD3W,B00HFRXACG,5
A356RFKNIG043B,B00HFRXACG,5
A3KZEGBTPH6MMF,B00HFRXACG,5
A1RPTVW5VEOSI,B00HFRXACG,4
AWCJ12KBO5VII,B00HFRXACG,5
A29B4PAIOL7HYG,B00HFRXACG,5
A27L5L6I7OSV5B,B00HFRXACG,5
A3OMOR0QCB74TM,B00HFRXACG,5
A70NFM6KHU24F,B00HFRXACG,5
ABC68JUCPTVOE,B00IZCSW3M,5
A146H4KN4LFR60,B00IZCSW3M,5
ABKNRVFFLEA3M,B00IZCSW3M,4
A2FY8306QHI5LE,B00IZCSW3M,4
A3A7Y3TSPPZU9T,B00IZCSW3M,5
AF8DM6NWL9API,B00IZCSW3M,5
A30J7WQV0ZNRXG,B00IZCSW3M,5
A2IMZNPSJGB2HQ,B00IZCSW3M,5
A20OBCQWBKCGZT,B00IZCSW3M,5
A3AOPVQ7EZHTWA,B00IZCSW3M,5
A3M1PLEYNDEYO8,B00IZCSW3M,5
A2VRAT69JDAD3W,B00IZCSW3M,5
A31RULW0KNYJ5H,B00IZCSW3M,5
A3KZEGBTPH6MMF,B00IZCSW3M,5
AWCJ12KBO5VII,B00IZCSW3M,5
A29B4PAIOL7HYG,B00IZCSW3M,5
A27L5L6I7OSV5B,B00IZCSW3M,5
AOMEH9W6LHC4S,B00IZCSW3M,5
A27H0T39U3FZB5,B00IZCSW3M,5
A181TIQPGSTYH6,B00IZCSW3M,4
A2PD27UKAD3Q00,B00IZCSW3M,5
A146H4KN4LFR60,B00JBIVXGC,5
A3A7Y3TSPPZU9T,B00JBIVXGC,5
A30J7WQV0ZNRXG,B00JBIVXGC,5
A3M1PLEYNDEYO8,B00JBIVXGC,5
A1SD1C8XK3Z3V1,B00JBIVXGC,5
A2VRAT69JDAD3W,B00JBIVXGC,4
A306NASGVUDFKF,B00JBIVXGC,5
A1TSKKBNV38E8Y,B00JBIVXGC,3
A1RPTVW5VEOSI,B00JBIVXGC,5
AWCJ12KBO5VII,B00JBIVXGC,4
A3OMOR0QCB74TM,B00JBIVXGC,4
A2Z7S8B5U4PAKJ,B00JBIVXGC,4